wall_time_iso,elapsed_s,run_id,run_group,stream_id,frame_id,object_index,class_name,score,world_x,world_y,world_z,yaw_deg,length_m,width_m,height_m,distance_m,center_x_px,center_y_px,bbox_x1,bbox_y1,bbox_x2,bbox_y2,parked_score,radar_support_score,radar_support_count
2026-07-14T22:11:45.072,5.894467444973998,20260714_221139_front_fusion_ego_49,parked_car20,fusion_ego_49,562901,0,vehicle,0.1808178722858429,-29.63797913294087,130.15412315721306,1.6519015619731476,4.913162963467499,5.279709815979004,1.9571560621261597,1.9101927280426025,23.934429636192334,323.5859375,234.44444444444446,300.61806113272905,223.44597395923404,346.55381386727095,245.44291492965488,0.000674620212521404,0.9983990788459778,
2026-07-14T22:11:45.072,5.894467444973998,20260714_221139_front_fusion_ego_49,parked_car20,fusion_ego_49,562901,1,person,0.16109713912010193,-38.29766923171505,148.2216687681907,1.9536715202197499,-177.3594437105365,0.5569530129432678,0.485249787569046,1.534447193145752,18.100674964801964,662.7395833333334,243.33333333333334,653.4218104736259,229.5446546872457,672.0573561930408,257.122011979421,0.9998898506164551,0.8937860131263733,
2026-07-14T22:11:45.072,5.894467444973998,20260714_221139_front_fusion_ego_49,parked_car20,fusion_ego_49,562901,2,person,0.1511346697807312,-36.08935237096136,128.0664468947216,1.9205506646511168,123.99130046140469,0.5234418511390686,0.4400966167449951,1.84223473072052,18.757480805978677,279.10677083333337,234.44444444444446,274.38600700938457,220.1010733511713,283.8275346572822,248.78781553771762,0.9999653100967407,0.9975665807723999,
2026-07-14T22:11:45.072,5.894467444973998,20260714_221139_front_fusion_ego_49,parked_car20,fusion_ego_49,562901,3,vehicle,0.11544028669595718,-27.529487549191437,125.53826015158847,2.020441819250493,-70.16651045290656,5.187503337860107,2.0136263370513916,1.7443677186965942,27.543353728211816,252.41927083333334,234.44444444444446,219.22974748661122,224.21852704551486,285.6087941800555,244.67036184337405,0.12103228271007538,0.9994452595710754,
2026-07-14T22:11:45.159,5.981851320946589,20260714_221139_front_fusion_ego_49,parked_car20,fusion_ego_49,562902,0,vehicle,0.2313564121723175,-27.69699745310764,128.73433156597437,1.9078776332007124,-72.39816011750634,4.711956977844238,1.9017130136489868,1.9423671960830688,26.209016129166578,323.5859375,226.66666666666669,297.14975680038333,217.2237093249957,350.02211819961667,236.10962400833768,0.008609851822257042,0.9949424862861633,
2026-07-14T22:11:45.159,5.981851320946589,20260714_221139_front_fusion_ego_49,parked_car20,fusion_ego_49,562902,1,person,0.23077307641506195,-37.51633359219617,147.19168596605968,1.9366815648240348,141.38091766890145,0.5094178915023804,0.4459848403930664,1.6761786937713623,18.127129741987275,662.7395833333334,243.33333333333334,654.9635190845778,229.7813739379247,670.515647582089,256.885292728742,0.9997895359992981,0.9605101943016052,
2026-07-14T22:11:45.159,5.981851320946589,20260714_221139_front_fusion_ego_49,parked_car20,fusion_ego_49,562902,2,person,0.17835377156734467,-31.025191194378287,126.0802575484885,1.9831664155742743,-31.712519327288895,0.8160996437072754,0.5961660146713257,1.8305914402008057,24.16172760576907,280.21875,226.66666666666669,275.5687758587301,215.27790168921155,284.8687241412699,238.05543164412182,0.9680042862892151,0.9050383567810059,
2026-07-14T22:11:45.246,6.069336322951131,20260714_221139_front_fusion_ego_49,parked_car20,fusion_ego_49,562903,0,person,0.19044820964336395,-30.22899392337824,126.29307771990315,2.050320965366282,17.865400353833305,0.7485278248786926,0.5998054146766663,1.8460826873779297,24.779497398672284,280.21875,226.66666666666669,276.19506704527885,215.43957630793255,284.24243295472115,237.89375702540082,0.9517319202423096,0.8951475620269775,
2026-07-14T22:11:45.246,6.069336322951131,20260714_221139_front_fusion_ego_49,parked_car20,fusion_ego_49,562903,1,person,0.18926699459552765,-38.45538419638807,147.70216647129484,1.9616855084916054,110.62173880507461,0.46539106965065,0.4165060520172119,1.7376104593276978,17.658847083125586,662.7395833333334,243.33333333333334,654.2863362686088,227.5237818559011,671.1928303980579,259.1428848107656,0.9999836683273315,0.9790189266204834,
2026-07-14T22:11:45.246,6.069336322951131,20260714_221139_front_fusion_ego_49,parked_car20,fusion_ego_49,562903,2,vehicle,0.11102347820997238,-27.35249440455656,128.1482829361006,1.9291148949789232,-76.18879201815005,4.4969987869262695,1.8318086862564087,1.9747905731201172,26.725260945421716,315.80208333333337,226.66666666666669,290.06689025958383,216.42170558373135,341.5372764070829,236.91162774960202,0.009538356214761734,0.9350997805595398,
2026-07-14T22:11:45.335,6.158193027018569,20260714_221139_front_fusion_ego_49,parked_car20,fusion_ego_49,562904,0,person,0.15963874757289886,-39.13854820282382,146.49913368596222,1.9812267326433428,119.47464696916491,0.5270581245422363,0.4510948359966278,1.7231123447418213,16.397701964607556,662.7395833333334,243.33333333333334,653.6166424633315,227.76533981164297,671.8625242033353,258.90132685502374,0.9999408721923828,0.9368510246276855,
2026-07-14T22:11:45.335,6.158193027018569,20260714_221139_front_fusion_ego_49,parked_car20,fusion_ego_49,562904,1,vehicle,0.1398395150899887,-35.549502438292855,133.8930131265712,2.532603619851386,31.868465829379723,6.550741195678711,2.4402496814727783,3.115057945251465,17.289687718953182,617.1484375,225.55555555555557,581.1112671494484,204.2777005169127,653.1856078505516,246.83341059419845,0.00015487422933802009,0.9631413817405701,
2026-07-14T22:11:45.335,6.158193027018569,20260714_221139_front_fusion_ego_49,parked_car20,fusion_ego_49,562904,2,vehicle,0.13942395150661469,-31.186455161674417,130.6258286278659,1.6016652974692391,96.45108987325374,4.971574783325195,1.8568793535232544,1.8449057340621948,22.317859357251038,315.80208333333337,234.44444444444446,289.19822864731157,223.54760107066897,342.4059380193552,245.34128781821994,0.00041329956729896367,0.9956355690956116,
2026-07-14T22:11:45.421,6.244313973002136,20260714_221139_front_fusion_ego_49,parked_car20,fusion_ego_49,562905,0,vehicle,0.19144701957702637,-34.640273023535926,136.41301544327644,2.5799855425376137,29.876807284951308,6.274169445037842,2.38727068901062,3.0358409881591797,17.918363362790494,617.1484375,225.55555555555557,582.441314175725,205.55079493257736,651.855560824275,245.56031617853378,0.0004880627093371004,0.9914383888244629,
2026-07-14T22:11:45.421,6.244313973002136,20260714_221139_front_fusion_ego_49,parked_car20,fusion_ego_49,562905,1,person,0.13517403602600098,-39.506389869130714,145.46199951599377,1.8775915813105968,118.13909757222278,0.5423212647438049,0.5096445679664612,1.6501474380493164,15.515627424829876,662.7395833333334,235.55555555555557,654.848013661181,219.7925654384825,670.6311530054858,251.31854567262863,0.9993578791618347,0.8316488862037659,
2026-07-14T22:11:45.421,6.244313973002136,20260714_221139_front_fusion_ego_49,parked_car20,fusion_ego_49,562905,2,vehicle,0.13473282754421234,-30.76735292367581,130.7236295927554,1.5182483725978955,88.34253577794715,4.907172203063965,1.8235328197479248,1.6454695463180542,22.69447398947916,315.80208333333337,234.44444444444446,291.52887462948763,223.70673653152255,340.0752920371791,245.18215235736636,0.00030258772312663496,0.9973344802856445,
2026-07-14T22:11:45.504,6.327000000979751,20260714_221139_front_fusion_ego_49,parked_car20,fusion_ego_49,562906,0,vehicle,0.14829005300998688,-28.389293955013308,129.12705600950807,1.934279690859384,-68.12157245531972,4.528725624084473,1.8642657995224,1.884556531906128,25.427958698439078,323.5859375,226.66666666666669,296.1959530264139,217.25804696480435,350.9759219735861,236.07528636852902,0.007274672854691744,0.9911672472953796,
2026-07-14T22:11:45.504,6.327000000979751,20260714_221139_front_fusion_ego_49,parked_car20,fusion_ego_49,562906,1,person,0.10795043408870697,-39.98350622827559,146.63470568454431,1.7403462073421423,-139.4187485327314,0.6739004254341125,0.45499706268310547,1.5480973720550537,15.802914751174123,662.7395833333334,243.33333333333334,653.0454868910214,228.0898012717565,672.4336797756454,258.5768653949102,0.9998295307159424,0.760244607925415,
2026-07-14T22:11:45.504,6.327000000979751,20260714_221139_front_fusion_ego_49,parked_car20,fusion_ego_49,562906,2,vehicle,0.06091616302728653,-34.374614540769095,136.21245630967246,2.7542966462854253,-92.03088645916296,8.012237548828125,2.9773108959198,3.5532689094543457,18.195598359417552,617.1484375,217.7777777777778,566.227208353579,194.92508159743417,668.069666646421,240.63047395812143,5.899488678551279e-05,0.9968172311782837,
2026-07-14T22:11:45.624,6.447211666032672,20260714_221139_front_fusion_ego_49,parked_car20,fusion_ego_49,562907,0,person,0.2482837438583374,-37.93732945801323,148.39635957277838,1.746673149074141,130.13968316505648,0.48863834142684937,0.5225145220756531,1.4788775444030762,18.49723009580818,662.7395833333334,235.55555555555557,653.7219268505772,221.8704817030165,671.7572398160895,249.24062940809463,0.999940037727356,0.5876783132553101,
2026-07-14T22:11:45.624,6.447211666032672,20260714_221139_front_fusion_ego_49,parked_car20,fusion_ego_49,562907,1,vehicle,0.12458588927984238,-28.72191729254513,128.95467086315352,1.92029587704792,-64.1399284648082,4.480510711669922,1.8589363098144531,1.867583990097046,25.167405901943816,323.5859375,226.66666666666669,297.0847417525947,217.1486074725787,350.0871332474053,236.18472586075467,0.01873890683054924,0.9876589179039001,
2026-07-14T22:11:45.720,6.543037293013185,20260714_221139_front_fusion_ego_49,parked_car20,fusion_ego_49,562908,0,person,0.18200606107711792,-37.86636424541186,131.99134421865375,1.8439033123849526,20.703151940535534,0.7454116344451904,0.5313498973846436,1.8222790956497192,15.536195394214369,279.10677083333337,234.44444444444446,273.4851631711548,219.60409041908053,284.72837849551195,249.28479846980838,0.9998986721038818,0.9986053109169006,
2026-07-14T22:11:45.720,6.543037293013185,20260714_221139_front_fusion_ego_49,parked_car20,fusion_ego_49,562908,1,person,0.16914576292037964,-39.04131563751077,147.87264574285805,1.7644814400631432,153.75501735667956,0.4971604645252228,0.5478190779685974,1.449553370475769,17.305972556264837,662.7395833333334,235.55555555555557,652.4878124923756,221.71389255258774,672.9913541742911,249.3972185585234,0.9998959302902222,0.6034526228904724,
2026-07-14T22:11:45.720,6.543037293013185,20260714_221139_front_fusion_ego_49,parked_car20,fusion_ego_49,562908,2,vehicle,0.13909682631492615,-27.89158604279485,128.71785464115166,1.866508211123687,-88.39365919804571,4.086001396179199,1.738576054573059,1.7487725019454956,26.030541571128044,315.80208333333337,226.66666666666669,291.70163567115867,217.1863944331805,339.9025309955081,236.14693890015286,0.009220964275300503,0.9528058767318726,
2026-07-14T22:11:45.825,6.648452283930965,20260714_221139_front_fusion_ego_49,parked_car20,fusion_ego_49,562909,0,person,0.1664467751979828,-38.63842855955165,147.32262497901763,1.7871598887307485,133.0662911885954,0.5340193510055542,0.5447944402694702,1.4687471389770508,17.289485947229352,662.7395833333334,235.55555555555557,653.7352887218198,221.94504264328216,671.743877944847,249.16606846782898,0.9999737739562988,0.708666205406189,
2026-07-14T22:11:45.825,6.648452283930965,20260714_221139_front_fusion_ego_49,parked_car20,fusion_ego_49,562909,1,person,0.14472649991512299,-38.20285563944552,131.74098144340644,1.8391165848227757,16.518979887696013,0.5982038378715515,0.48014840483665466,1.8337953090667725,15.304066157431649,279.10677083333337,234.44444444444446,273.5435927252596,218.6016693380144,284.66994894140714,250.2872195508745,0.9999793767929077,0.9990066885948181,
2026-07-14T22:11:45.825,6.648452283930965,20260714_221139_front_fusion_ego_49,parked_car20,fusion_ego_49,562909,2,vehicle,0.13762164115905762,-28.192410054868105,128.59915085504238,1.8913138196658679,-75.83009845195762,4.290831089019775,1.7956422567367554,1.7955706119537354,25.784128384133993,315.80208333333337,226.66666666666669,288.2609411006173,216.91273132960004,343.34322556604945,236.42060200373334,0.01614777371287346,0.9716981649398804,
2026-07-14T22:11:45.915,6.738495365949348,20260714_221139_front_fusion_ego_49,parked_car20,fusion_ego_49,562910,0,person,0.15243838727474213,-38.060514998383994,148.45131719781477,1.8577947636560452,89.49586879926981,0.459965318441391,0.4311152696609497,1.8946577310562134,18.431008464431994,670.5234375,235.55555555555557,663.1147865336388,219.5643774006102,677.9320884663612,251.54673371050094,0.9999985694885254,0.974606990814209,
2026-07-14T22:11:45.915,6.738495365949348,20260714_221139_front_fusion_ego_49,parked_car20,fusion_ego_49,562910,1,vehicle,0.09922974556684494,-28.369259353755726,128.48711807686186,1.8827428952040322,-92.63945274505679,4.256965160369873,1.7686405181884766,1.8595317602157593,25.65453297404459,315.80208333333337,226.66666666666669,289.60157900055253,216.68405960003537,342.0025876661142,236.649273733298,0.028425870463252068,0.9629433751106262,
2026-07-14T22:11:46.005,6.82861641398631,20260714_221139_front_fusion_ego_49,parked_car20,fusion_ego_49,562911,0,person,0.1842113435268402,-38.07478136570215,132.0734474981781,1.8517383821858289,34.34838361595512,0.6433238983154297,0.48707613348960876,1.8088879585266113,15.312262661516437,279.10677083333337,234.44444444444446,273.285069149298,218.08589127328662,284.92847251736873,250.8029976156023,0.9998458623886108,0.9977623224258423,
2026-07-14T22:11:46.005,6.82861641398631,20260714_221139_front_fusion_ego_49,parked_car20,fusion_ego_49,562911,1,person,0.1731347292661667,-38.13208535440532,149.23938442338041,1.7645062726872212,-179.26976609737198,0.46353742480278015,0.44257161021232605,1.8132587671279907,18.875835965107747,670.5234375,235.55555555555557,662.8871431965381,220.19365939829086,678.1597318034619,250.91745171282028,0.9999967813491821,0.9744299054145813,
2026-07-14T22:11:46.005,6.82861641398631,20260714_221139_front_fusion_ego_49,parked_car20,fusion_ego_49,562911,2,vehicle,0.1348106414079666,-28.117447134461656,128.89560142133237,1.885122199192395,-81.13403536965266,4.157841682434082,1.75177001953125,1.8210135698318481,25.759527300951433,315.80208333333337,226.66666666666669,288.36383387198055,216.90405080715817,343.2403327946862,236.4292825261752,0.018574772402644157,0.9707596898078918,
2026-07-14T22:11:46.095,6.918581645935774,20260714_221139_front_fusion_ego_49,parked_car20,fusion_ego_49,562912,0,person,0.19534246623516083,-37.79231491402116,149.28297443106575,1.7852973139377255,73.25227273859912,0.31884127855300903,0.4041973054409027,1.7861467599868774,19.163722634162454,670.5234375,235.55555555555557,663.2481833435595,220.36210391256546,677.7986916564405,250.74900719854568,0.9999991655349731,0.9836823344230652,
2026-07-14T22:11:46.095,6.918581645935774,20260714_221139_front_fusion_ego_49,parked_car20,fusion_ego_49,562912,1,person,0.13100802898406982,-29.523369725900547,127.4891072941839,2.0404096963415554,1.4811294532652315,1.4668041467666626,0.8307508826255798,1.9422528743743896,24.93370973505248,280.21875,226.66666666666669,275.705171931535,215.09595940510434,284.732328068465,238.23737392822903,0.9729260206222534,0.8847503066062927,
2026-07-14T22:11:46.095,6.918581645935774,20260714_221139_front_fusion_ego_49,parked_car20,fusion_ego_49,562912,2,vehicle,0.12208430469036102,-31.2145770986749,130.20850743673319,1.5682469893833542,70.24761181626484,4.778722763061523,1.8186061382293701,1.7554658651351929,22.41607157758444,315.80208333333337,234.44444444444446,289.31467417379224,223.9720642235544,342.2894924928745,244.9168246653345,0.0009903262834995985,0.9938302636146545,
2026-07-14T22:11:46.178,7.001176315010525,20260714_221139_front_fusion_ego_49,parked_car20,fusion_ego_49,562913,0,vehicle,0.24150626361370087,-19.556544523915093,141.40083308499314,1.7870908933502392,-113.39242491929413,4.853725910186768,1.8316160440444946,1.5505523681640625,33.27620275884317,474.8151041666667,225.55555555555557,464.3102077866594,218.4424253139231,485.32000054667395,232.66868579718803,0.6027043461799622,0.9999332427978516,
2026-07-14T22:11:46.178,7.001176315010525,20260714_221139_front_fusion_ego_49,parked_car20,fusion_ego_49,562913,1,person,0.16821569204330444,-38.05842100501031,147.69642156112357,1.9092052636638854,165.28259733240697,0.6234690546989441,0.4656878411769867,1.6870298385620117,17.974826124292655,662.7395833333334,243.33333333333334,654.1373068646839,228.9608066280683,671.3418598019829,257.7058600385984,0.9999959468841553,0.9931228756904602,
2026-07-14T22:11:46.178,7.001176315010525,20260714_221139_front_fusion_ego_49,parked_car20,fusion_ego_49,562913,2,vehicle,0.11440163850784302,-28.33740375295296,129.10112835276064,1.8951324103681486,-92.04875271825685,4.325399875640869,1.791922926902771,1.8494865894317627,25.485936187224873,315.80208333333337,226.66666666666669,290.6711299841603,216.35078350702923,340.93303668250644,236.98254982630414,0.02438383921980858,0.9728317856788635,
2026-07-14T22:11:46.275,7.098320127930492,20260714_221139_front_fusion_ego_49,parked_car20,fusion_ego_49,562914,0,person,0.20437568426132202,-37.46109047927312,149.70357610913442,1.8238408980761918,111.58506414080023,0.419130802154541,0.3877442479133606,1.918632984161377,19.686280979753594,670.5234375,235.55555555555557,663.2144271209836,219.84200212690567,677.8324478790164,251.26910898420547,0.9999986886978149,0.9808634519577026,
2026-07-14T22:11:46.275,7.098320127930492,20260714_221139_front_fusion_ego_49,parked_car20,fusion_ego_49,562914,1,vehicle,0.2002825289964676,-19.93952749465229,141.7725846905259,1.8700618115558996,158.67211168694814,5.1605377197265625,1.950114369392395,1.3170855045318604,32.946478055891156,475.92708333333337,225.55555555555557,463.18766690914833,219.44044086668228,488.6664997575184,231.67067024442886,0.05965476855635643,0.9997150301933289,
2026-07-14T22:11:46.275,7.098320127930492,20260714_221139_front_fusion_ego_49,parked_car20,fusion_ego_49,562914,2,vehicle,0.10915720462799072,-30.47753762936323,130.52843848141316,1.5773168104010153,40.916322839517484,4.95001220703125,1.8682575225830078,1.7639373540878296,23.02541197473581,315.80208333333337,234.44444444444446,287.30350894232595,223.65553226735858,344.3006577243408,245.23335662153033,0.00047895469469949603,0.9974786639213562,
2026-07-14T22:11:46.366,7.1888758019777015,20260714_221139_front_fusion_ego_49,parked_car20,fusion_ego_49,562915,0,person,0.16615696251392365,-38.51429916285335,132.5802468705454,1.7640157338379225,40.84318602490331,1.0015708208084106,0.6485644578933716,1.6544384956359863,14.738579910656432,271.3229166666667,234.44444444444446,264.3742465271304,219.8395472433832,278.27158680620295,249.0493416455057,0.9990447163581848,0.9998618364334106,
2026-07-14T22:11:46.366,7.1888758019777015,20260714_221139_front_fusion_ego_49,parked_car20,fusion_ego_49,562915,1,person,0.16286765038967133,-38.95724174922515,147.25359241938432,1.889928503009287,93.78165794195431,0.5956050753593445,0.47269997000694275,1.6288745403289795,16.989828156062316,662.7395833333334,243.33333333333334,653.8782917627444,228.4402891000112,671.6008749039223,258.2263775666555,0.9999955892562866,0.9859639406204224,
2026-07-14T22:11:46.366,7.1888758019777015,20260714_221139_front_fusion_ego_49,parked_car20,fusion_ego_49,562915,2,vehicle,0.11891976743936539,-31.26533174196104,130.6132076524274,1.4867402083487917,92.93037726231982,4.784748077392578,1.7720026969909668,1.6730177402496338,22.2499456507356,315.80208333333337,234.44444444444446,291.0291724589964,224.2084759142664,340.57499420767033,244.68041297462253,0.00039260296034626663,0.9982708692550659,
2026-07-14T22:11:46.451,7.274060211027972,20260714_221139_front_fusion_ego_49,parked_car20,fusion_ego_49,562916,0,vehicle,0.21978648006916046,-18.560462364618992,140.96719731758984,1.8063431677226731,-108.97277837967208,4.814541816711426,1.8340487480163574,1.5593011379241943,34.211422288299794,475.92708333333337,225.55555555555557,465.1204957844069,218.92648581001495,486.73367088225984,232.1846253010962,0.9179455041885376,0.9994307160377502,
2026-07-14T22:11:46.451,7.274060211027972,20260714_221139_front_fusion_ego_49,parked_car20,fusion_ego_49,562916,1,person,0.21892786026000977,-38.86755873872284,132.45255509793665,1.8349286760096888,42.39192814344515,0.3972190022468567,0.4202229678630829,1.7766273021697998,14.440487858003854,279.10677083333337,234.44444444444446,273.5570440733185,217.06770148542194,284.65649759334826,251.82118740346698,0.9999876022338867,0.9993646740913391,
2026-07-14T22:11:46.451,7.274060211027972,20260714_221139_front_fusion_ego_49,parked_car20,fusion_ego_49,562916,2,person,0.2106233835220337,-37.442307551763754,148.31317762832995,1.8589588240002328,175.49171567774945,0.6401194930076599,0.46181443333625793,1.6998029947280884,18.83783799873854,662.7395833333334,243.33333333333334,654.0588694990923,229.18165882428488,671.4202971675744,257.48500784238183,0.9999995231628418,0.9978517293930054,
2026-07-14T22:11:46.451,7.274060211027972,20260714_221139_front_fusion_ego_49,parked_car20,fusion_ego_49,562916,3,vehicle,0.11758065968751907,-27.924352511769065,129.08553816757347,1.8922911343669853,-99.97043901373488,4.30576229095459,1.7938039302825928,1.7967147827148438,25.88343154484683,315.80208333333337,226.66666666666669,288.1806553428372,216.79836014906567,343.42351132382953,236.5349731842677,0.010673901066184044,0.9871401190757751,
2026-07-14T22:11:46.537,7.360068770009093,20260714_221139_front_fusion_ego_49,parked_car20,fusion_ego_49,562917,0,person,0.20670165121555328,-38.82046182593977,148.55051712168097,1.769994610193251,131.9403719135931,0.40717604756355286,0.4540989100933075,1.5861334800720215,17.905865446141185,662.7395833333334,235.55555555555557,654.7853790943822,220.28629038068985,670.6937875722846,250.8248207304213,0.9999595880508423,0.9280811548233032,
2026-07-14T22:11:46.537,7.360068770009093,20260714_221139_front_fusion_ego_49,parked_car20,fusion_ego_49,562917,1,vehicle,0.1653783619403839,-20.443876425907348,132.3131951104687,1.9538906514561063,-15.690712673073563,5.033804893493652,1.984208106994629,1.6883282661437988,32.452019996472764,359.16927083333337,225.55555555555557,346.9470439286282,218.5262117120955,371.39149773803854,232.58489939901565,0.029210692271590233,0.9999436140060425,
2026-07-14T22:11:46.537,7.360068770009093,20260714_221139_front_fusion_ego_49,parked_car20,fusion_ego_49,562917,2,person,0.15118686854839325,-38.68033924260321,132.59637189316624,1.6574658859896942,125.76899930631006,1.048162579536438,0.6573708653450012,1.602863073348999,14.57996521163995,271.3229166666667,234.44444444444446,264.09756750861806,220.66418167617587,278.5482658247153,248.22470721271304,0.9999772310256958,0.9999632835388184,
2026-07-14T22:11:46.537,7.360068770009093,20260714_221139_front_fusion_ego_49,parked_car20,fusion_ego_49,562917,3,vehicle,0.14129967987537384,-28.94030661750429,129.0992683951962,1.8719521379832855,-94.40150457369101,4.178412437438965,1.7790766954421997,1.7843942642211914,24.91497698515534,315.80208333333337,226.66666666666669,289.7889172074696,216.61663780609769,341.81524945919716,236.7166955272357,0.014032949693500996,0.9839732646942139,
2026-07-14T22:11:46.537,7.360068770009093,20260714_221139_front_fusion_ego_49,parked_car20,fusion_ego_49,562917,4,vehicle,0.08605427294969559,-33.19983402864763,142.77138711099815,2.48074751015416,42.38152242891761,6.384694576263428,2.4039576053619385,3.0543508529663086,20.17058532962364,618.2604166666667,225.55555555555557,589.0664109612505,206.6865584585402,647.454422372083,244.42455265257095,0.00041809084359556437,0.9711243510246277,
2026-07-14T22:11:46.635,7.458476689993404,20260714_221139_front_fusion_ego_49,parked_car20,fusion_ego_49,562918,0,person,0.1462777704000473,-38.35316475752982,147.79805997625354,1.7922847534962898,134.02569245957784,0.4321109354496002,0.47488224506378174,1.5962867736816406,17.80221556351561,662.7395833333334,235.55555555555557,655.4444136259457,221.11792716715073,670.0347530407211,249.99318394396042,0.9999574422836304,0.9565904140472412,
2026-07-14T22:11:46.635,7.458476689993404,20260714_221139_front_fusion_ego_49,parked_car20,fusion_ego_49,562918,1,vehicle,0.1212376281619072,-28.746066205299513,128.71120311161238,1.8897953469047906,-86.74574803836883,4.235232830047607,1.7710398435592651,1.805596113204956,25.22458044525261,315.80208333333337,226.66666666666669,290.5896909696361,216.6122568647067,341.01447569703066,236.72107646862668,0.01761956885457039,0.9698616862297058,
2026-07-14T22:11:46.635,7.458476689993404,20260714_221139_front_fusion_ego_49,parked_car20,fusion_ego_49,562918,2,person,0.08967720717191696,-36.46781220331988,133.85696418837676,1.8150758766420978,3.490270696044575,1.1082258224487305,0.6355116367340088,1.8302950859069824,16.40041865247219,279.10677083333337,234.44444444444446,272.98054136646294,219.4705226686266,285.2330003002038,249.41836622026233,0.999219536781311,0.9988442659378052,
2026-07-14T22:11:46.721,7.54466221795883,20260714_221139_front_fusion_ego_49,parked_car20,fusion_ego_49,562919,0,person,0.18242615461349487,-30.634521224291017,130.04776978529443,1.9677858667153458,-31.326980602653503,0.6524792909622192,0.5757891535758972,1.821336269378662,23.00795578574074,280.21875,226.66666666666669,276.4566527167335,215.07349143425625,283.9808472832665,238.25984189907712,0.9886780381202698,0.9628500938415527,
2026-07-14T22:11:46.721,7.54466221795883,20260714_221139_front_fusion_ego_49,parked_car20,fusion_ego_49,562919,1,person,0.1605769544839859,-37.79402861994521,147.88889270862472,1.7942316674951044,150.52168371562323,0.4201664626598358,0.5026460886001587,1.4833489656448364,18.304593353143687,662.7395833333334,235.55555555555557,655.1922146690389,221.68303820821976,670.2869519976279,249.4280729028914,0.9999456405639648,0.9266868233680725,
2026-07-14T22:11:46.721,7.54466221795883,20260714_221139_front_fusion_ego_49,parked_car20,fusion_ego_49,562919,2,vehicle,0.14362558722496033,-28.333086160058873,128.73857823517935,1.875466396486047,-98.33589737464716,4.081090927124023,1.7413058280944824,1.7609326839447021,25.605902086938695,315.80208333333337,226.66666666666669,292.1140784596404,216.5262348453204,339.49008820702636,236.80709848801297,0.029826829209923744,0.9790796041488647,
2026-07-14T22:11:46.721,7.54466221795883,20260714_221139_front_fusion_ego_49,parked_car20,fusion_ego_49,562919,3,vehicle,0.11133068799972534,-18.900442111992895,132.44522314059935,1.937977473307484,-4.812560372058376,4.87974739074707,1.9149130582809448,1.84364914894104,33.961470978031315,359.16927083333337,225.55555555555557,346.97321490322554,218.0579185816977,371.3653267634412,233.05319252941345,0.07465966045856476,0.9998469352722168,
2026-07-14T22:11:46.812,7.635368517017923,20260714_221139_front_fusion_ego_49,parked_car20,fusion_ego_49,562920,0,person,0.21282996237277985,-39.58906693725469,133.31924674361701,1.7025561747080147,126.95738049690023,0.9004679918289185,0.6054996252059937,1.6938759088516235,13.498655819795344,271.3229166666667,234.44444444444446,264.12037654096883,217.7273675468233,278.52545679236454,251.1615213420656,0.9999215602874756,0.9999277591705322,
2026-07-14T22:11:46.812,7.635368517017923,20260714_221139_front_fusion_ego_49,parked_car20,fusion_ego_49,562920,1,vehicle,0.10908107459545135,-30.860448134925267,132.2618972200559,1.4997521689197129,-38.05456602209029,4.74875545501709,1.7622175216674805,1.6969339847564697,22.223595933381027,323.5859375,234.44444444444446,298.35594564303756,224.8202681210306,348.81592935696244,244.0686207678583,0.0002937487151939422,0.9992176294326782,
2026-07-14T22:11:46.812,7.635368517017923,20260714_221139_front_fusion_ego_49,parked_car20,fusion_ego_49,562920,2,person,0.09947014600038528,-38.80347148283661,147.64752736968555,1.7565964941623946,-140.77202891407757,0.6122428774833679,0.46248018741607666,1.520182490348816,17.35420738157963,662.7395833333334,243.33333333333334,652.2496784956505,230.0567009051641,673.2294881710162,256.6099657615026,0.9999992847442627,0.9852451682090759,
2026-07-14T22:11:46.812,7.635368517017923,20260714_221139_front_fusion_ego_49,parked_car20,fusion_ego_49,562920,3,vehicle,0.09059523791074753,-34.46936135048805,144.41198234910297,2.6961643102375206,-87.61886977709715,7.94594144821167,2.951223373413086,3.571214199066162,19.516551908625612,617.1484375,217.7777777777778,580.2840718775988,193.4313969479667,654.0128031224012,242.1241586075889,7.465932139893994e-05,0.9987502098083496,
2026-07-14T22:11:46.899,7.722316729952581,20260714_221139_front_fusion_ego_49,parked_car20,fusion_ego_49,562921,0,person,0.16980049014091492,-37.78779378994495,148.23823609754533,1.9753709408211435,83.72892254429756,0.5911446809768677,0.48109546303749084,1.7102842330932617,18.5142729378133,662.7395833333334,243.33333333333334,654.4212203820547,229.17343785365424,671.0579462846121,257.4932288130125,0.9999998807907104,0.9982865452766418,
2026-07-14T22:11:46.899,7.722316729952581,20260714_221139_front_fusion_ego_49,parked_car20,fusion_ego_49,562921,1,person,0.14751611649990082,-38.560359527292476,132.60030032532094,1.7934597982316376,32.70908797325255,0.9009997248649597,0.5847358107566833,1.762686014175415,14.687590819369687,279.10677083333337,234.44444444444446,272.5834794438755,219.05701365735797,285.63006222279125,249.83187523153094,0.999016523361206,0.9984530210494995,
2026-07-14T22:11:46.899,7.722316729952581,20260714_221139_front_fusion_ego_49,parked_car20,fusion_ego_49,562921,2,vehicle,0.11298341304063797,-29.250491997559383,129.09973959648852,1.8397219086373866,-91.65106561410455,4.02550745010376,1.7064216136932373,1.7572078704833984,24.621737393960522,315.80208333333337,226.66666666666669,291.51265109082067,216.2634329001109,340.0915155758461,237.06990043322247,0.017354395240545273,0.9790608286857605,
2026-07-14T22:11:46.988,7.811639674007893,20260714_221139_front_fusion_ego_49,parked_car20,fusion_ego_49,562922,0,person,0.22182239592075348,-38.49971417742908,147.76238291472697,1.8854103903688895,-179.25089937927254,0.6013678908348083,0.4932878315448761,1.695578932762146,17.661544700391374,662.7395833333334,243.33333333333334,653.4499380079409,229.00425215562186,672.0292286587259,257.66241451104486,0.9999998807907104,0.9978317618370056,
2026-07-14T22:11:46.988,7.811639674007893,20260714_221139_front_fusion_ego_49,parked_car20,fusion_ego_49,562922,1,person,0.1429475098848343,-37.26969857194683,132.24943822830463,1.820560972355068,57.419040259853176,0.8604714870452881,0.5707180500030518,1.7204411029815674,16.022374668759472,279.10677083333337,234.44444444444446,272.8997414152449,219.87981971767215,285.31380025142187,249.00906917121677,0.998188316822052,0.9969406127929688,
2026-07-14T22:11:46.988,7.811639674007893,20260714_221139_front_fusion_ego_49,parked_car20,fusion_ego_49,562922,2,vehicle,0.12928369641304016,-31.02809354094296,130.74190588200594,1.5173228160330154,22.984520512250537,4.730376243591309,1.8034709692001343,1.5913417339324951,22.43926825749181,315.80208333333337,234.44444444444446,289.5821215709051,223.79771974351672,342.02204509576165,245.0911691453722,0.00037258031079545617,0.9988735318183899,
2026-07-14T22:11:46.988,7.811639674007893,20260714_221139_front_fusion_ego_49,parked_car20,fusion_ego_49,562922,3,vehicle,0.12909287214279175,-20.624003345954968,141.3233865976882,1.778425030329828,-134.01675164981887,4.74166202545166,1.8341175317764282,1.5010374784469604,32.20809040265109,475.92708333333337,225.55555555555557,463.88181771089637,218.75555578205322,487.97234895577037,232.35555532905792,0.8490404486656189,0.9998400211334229,
2026-07-14T22:11:47.079,7.902168827014975,20260714_221139_front_fusion_ego_49,parked_car20,fusion_ego_49,562923,0,person,0.15501131117343903,-38.79001690134945,147.58766477521695,1.8400156054177046,-165.97736080536637,0.6734346151351929,0.4925675094127655,1.594028353691101,17.326020718207584,662.7395833333334,243.33333333333334,652.8345204417905,229.92290516694388,672.6446462248763,256.74376149972284,0.9999996423721313,0.9987706542015076,
2026-07-14T22:11:47.079,7.902168827014975,20260714_221139_front_fusion_ego_49,parked_car20,fusion_ego_49,562923,1,vehicle,0.1124630942940712,-31.429716097505526,130.6205550530208,1.4518352622211097,66.70335934416559,4.72890567779541,1.7847039699554443,1.6758698225021362,22.091953252950965,315.80208333333337,234.44444444444446,291.0414415200552,223.9021819498804,340.56272514661157,244.9867069390085,0.0010513869347050786,0.9968734383583069,
2026-07-14T22:11:47.168,7.991504524950869,20260714_221139_front_fusion_ego_49,parked_car20,fusion_ego_49,562924,0,person,0.1685837060213089,-38.37322896615747,147.98494809861933,1.8356264035450351,175.29961823469583,0.5206480026245117,0.5105946660041809,1.5747653245925903,17.898476364588422,662.7395833333334,235.55555555555557,654.9594413278004,220.50982389185165,670.5197253388664,250.6012872192595,0.9999704360961914,0.8811434507369995,
2026-07-14T22:11:47.168,7.991504524950869,20260714_221139_front_fusion_ego_49,parked_car20,fusion_ego_49,562924,1,person,0.15375633537769318,-35.89285682513608,133.40563232095005,1.735467078415894,6.132043032695069,0.7451965808868408,0.519783079624176,1.7740907669067383,17.057891026621945,279.10677083333337,234.44444444444446,273.8536454032486,220.80053981807498,284.35989626341814,248.08834907081393,0.9997571110725403,0.9986118078231812,
2026-07-14T22:11:47.168,7.991504524950869,20260714_221139_front_fusion_ego_49,parked_car20,fusion_ego_49,562924,2,vehicle,0.12574103474617004,-31.386898529597893,131.43264640501937,1.601207807986512,51.02958443251085,4.924284934997559,1.870529055595398,1.7785208225250244,21.905037270076523,323.5859375,234.44444444444446,296.158533424139,223.83324649598865,351.013341575861,245.05564239290027,0.0002101808786392212,0.9982209801673889,
2026-07-14T22:11:47.168,7.991504524950869,20260714_221139_front_fusion_ego_49,parked_car20,fusion_ego_49,562924,3,vehicle,0.11372698843479156,-19.862494931227815,141.49685547430622,1.822042980838063,-115.4397108295171,4.938344478607178,1.8630505800247192,1.5912322998046875,32.985172896837355,475.92708333333337,225.55555555555557,465.4232304518422,218.58191180560326,486.43093621482456,232.5291993055079,0.8578179478645325,0.9999240636825562,
2026-07-14T22:11:47.254,8.077682600938715,20260714_221139_front_fusion_ego_49,parked_car20,fusion_ego_49,562925,0,person,0.22646500170230865,-37.11989719463148,149.97424423388375,1.8894892544358015,86.5869571624827,0.4097023010253906,0.3971278667449951,1.8983641862869263,20.120071605826077,670.5234375,235.55555555555557,663.7898179292679,221.27199057075714,677.2570570707321,249.839120540354,0.9999990463256836,0.9758638739585876,
2026-07-14T22:11:47.254,8.077682600938715,20260714_221139_front_fusion_ego_49,parked_car20,fusion_ego_49,562925,1,person,0.12272798269987106,-35.96596465549217,133.11777996297874,1.668621563514705,-112.95953216378547,0.9385493397712708,0.6594187617301941,1.5338042974472046,17.05315378599861,271.3229166666667,234.44444444444446,265.26418334028375,222.69611951377658,277.3816499930496,246.19276937511233,0.9997608065605164,0.999891996383667,
2026-07-14T22:11:47.254,8.077682600938715,20260714_221139_front_fusion_ego_49,parked_car20,fusion_ego_49,562925,2,vehicle,0.1032501608133316,-27.910165053241286,129.07683613320083,1.9684982683478864,-90.30494335035918,4.377633571624756,1.8274216651916504,1.8387341499328613,25.89852112192776,315.80208333333337,226.66666666666669,288.43918846299255,216.56245360771817,343.1649782036742,236.7708797256152,0.007454110309481621,0.9752278923988342,
2026-07-14T22:11:47.347,8.17024336301256,20260714_221139_front_fusion_ego_49,parked_car20,fusion_ego_49,562926,0,person,0.20574037730693817,-38.180951823331384,147.7262391120187,1.937467106549562,-158.0018876073875,0.7115087509155273,0.49883225560188293,1.6819462776184082,17.89338256707476,662.7395833333334,243.33333333333334,653.2570935965826,229.63224401076636,672.2220730700841,257.03442265590036,0.9999948740005493,0.9947558641433716,
2026-07-14T22:11:47.347,8.17024336301256,20260714_221139_front_fusion_ego_49,parked_car20,fusion_ego_49,562926,1,vehicle,0.13699854910373688,-30.65024864625116,130.41104945075344,1.5836507814519933,62.22808399921648,4.809491157531738,1.840685248374939,1.7022310495376587,22.89357031210938,315.80208333333337,234.44444444444446,290.84897808109724,224.05088898208407,340.7551885855695,244.83799990680484,0.0006581032066605985,0.9972392320632935,
2026-07-14T22:11:47.441,8.264347848016769,20260714_221139_front_fusion_ego_49,parked_car20,fusion_ego_49,562927,0,person,0.19428041577339172,-37.8646564024839,147.9641579684244,1.8908213918285313,-158.41912618564706,0.6211956739425659,0.44710206985473633,1.675588607788086,18.290067602658965,662.7395833333334,243.33333333333334,653.9804925800612,229.6697395046552,671.4986740866055,256.9969271620115,0.9999998807907104,0.999119222164154,
2026-07-14T22:11:47.441,8.264347848016769,20260714_221139_front_fusion_ego_49,parked_car20,fusion_ego_49,562927,1,vehicle,0.11976257711648941,-29.33592130781661,129.89400600249425,2.0190203495531023,-69.26741866543337,4.789058685302734,1.976383924484253,2.0079357624053955,24.29211365100493,323.5859375,226.66666666666669,295.01651655882597,215.64391503731412,352.15535844117403,237.68941829601926,0.011491610668599606,0.9969944953918457,
2026-07-14T22:11:47.533,8.356483347015455,20260714_221139_front_fusion_ego_49,parked_car20,fusion_ego_49,562928,0,person,0.16925571858882904,-38.61367468136591,147.88720179100676,1.8111400558963453,-146.44212539078455,0.673650860786438,0.4821015000343323,1.5707076787948608,17.64924610337896,662.7395833333334,243.33333333333334,653.0000605055442,229.58805998166403,672.4791061611226,257.0786066850027,0.9999979734420776,0.9951543807983398,
2026-07-14T22:11:47.533,8.356483347015455,20260714_221139_front_fusion_ego_49,parked_car20,fusion_ego_49,562928,1,vehicle,0.10592417418956757,-28.795994624272193,130.0646400926451,1.9961519202600329,-66.95706234970383,4.7277326583862305,1.9342725276947021,1.9765270948410034,24.759980475893432,323.5859375,226.66666666666669,295.5515322461724,217.12252298990887,351.6203427538276,236.2108103434245,0.009138815104961395,0.9981710910797119,
2026-07-14T22:11:47.661,8.484420737018809,20260714_221139_front_fusion_ego_49,parked_car20,fusion_ego_49,562929,0,person,0.18288862705230713,-38.87102933131202,147.687502946155,1.7433398820332968,142.72112118643594,0.5154538154602051,0.4944421947002411,1.5469754934310913,17.325672440405445,662.7395833333334,235.55555555555557,654.8608609413108,220.90749624702667,670.618305725356,250.20361486408447,0.9999845027923584,0.9264153838157654,
2026-07-14T22:11:47.661,8.484420737018809,20260714_221139_front_fusion_ego_49,parked_car20,fusion_ego_49,562929,1,vehicle,0.14333420991897583,-29.493527257291248,131.9429003100933,1.6646464960052612,56.11626152077247,4.850124835968018,1.8352683782577515,1.7129793167114258,23.62129289280142,323.5859375,234.44444444444446,300.0520888529718,225.06949451234607,347.1197861470282,243.81939437654285,0.0012296371860429645,0.998683512210846,
2026-07-14T22:11:47.661,8.484420737018809,20260714_221139_front_fusion_ego_49,parked_car20,fusion_ego_49,562929,2,person,0.11662977933883667,-35.431610197616294,131.51580673275066,1.7732274617786317,37.804807098828924,0.7995842695236206,0.5355671048164368,1.8067278861999512,17.997106476089986,279.10677083333337,234.44444444444446,273.962438077045,220.11938747432498,284.2511035896217,248.76950141456393,0.9995458722114563,0.9991784691810608,
2026-07-14T22:11:47.755,8.578369683003984,20260714_221139_front_fusion_ego_49,parked_car20,fusion_ego_49,562930,0,person,0.22337935864925385,-38.524277481569804,132.60894699819684,1.7521374054794308,133.58971475387904,0.8263812065124512,0.5532947778701782,1.7455496788024902,14.720811080403589,271.3229166666667,234.44444444444446,265.25987930657965,218.89661577012805,277.3859540267537,249.99227311876086,0.9999880790710449,0.9999634027481079,
2026-07-14T22:11:47.755,8.578369683003984,20260714_221139_front_fusion_ego_49,parked_car20,fusion_ego_49,562930,1,person,0.18203073740005493,-37.267385164489156,150.07572429442908,1.7849662588930144,-8.50592901236722,0.36673450469970703,0.4419056475162506,1.678300380706787,20.07527807510468,670.5234375,235.55555555555557,662.9484113529325,221.72579977247452,678.0984636470675,249.38531133863663,0.9999964237213135,0.955582320690155,
2026-07-14T22:11:47.755,8.578369683003984,20260714_221139_front_fusion_ego_49,parked_car20,fusion_ego_49,562930,2,vehicle,0.1135844886302948,-27.952802125736085,129.2327083067333,1.8907837556322562,-85.7626563659266,4.513300895690918,1.821735143661499,1.8933359384536743,25.811374224458646,315.80208333333337,226.66666666666669,290.0535538395246,216.18510882059735,341.5506128271421,237.14822451273602,0.009188213385641575,0.9897969365119934,
2026-07-14T22:11:47.841,8.664474801975302,20260714_221139_front_fusion_ego_49,parked_car20,fusion_ego_49,562931,0,person,0.16004668176174164,-36.626685795002956,149.80405725645676,1.7809652828613736,44.10724774371713,0.34861087799072266,0.42819905281066895,1.6893168687820435,20.39634216812553,670.5234375,235.55555555555557,663.3782993368804,222.37101140949463,677.6685756631196,248.74009970161651,0.9999988079071045,0.9873867630958557,
2026-07-14T22:11:47.841,8.664474801975302,20260714_221139_front_fusion_ego_49,parked_car20,fusion_ego_49,562931,1,vehicle,0.1598053276538849,-30.698692035953865,130.6624192064021,1.5225402057347566,41.25456262805368,4.77623176574707,1.8288518190383911,1.6586284637451172,22.77734348789257,315.80208333333337,234.44444444444446,291.77120807146036,224.15598866012363,339.8329585952064,244.7329002287653,0.0006277517531998456,0.999077320098877,
2026-07-14T22:11:47.932,8.755317411967553,20260714_221139_front_fusion_ego_49,parked_car20,fusion_ego_49,562932,0,person,0.20483970642089844,-37.20334601518019,149.51343463348127,1.845303345009171,66.36413143333972,0.36310020089149475,0.4286257326602936,1.758488655090332,19.763611509774357,670.5234375,235.55555555555557,663.2614076193422,221.47526803943848,677.7854673806578,249.63584307167267,0.9999986886978149,0.9643544554710388,
2026-07-14T22:11:47.932,8.755317411967553,20260714_221139_front_fusion_ego_49,parked_car20,fusion_ego_49,562932,1,vehicle,0.13907921314239502,-27.76572684000365,128.91067699013428,1.956036496332473,-72.22706234636581,4.8813276290893555,1.9848495721817017,1.9689915180206299,26.087549770743685,323.5859375,226.66666666666669,294.6435390114784,216.34310344854993,352.5283359885216,236.99022988478345,0.008471982553601265,0.9948644042015076,
2026-07-14T22:11:47.932,8.755317411967553,20260714_221139_front_fusion_ego_49,parked_car20,fusion_ego_49,562932,2,person,0.10654819756746292,-34.88144400906987,132.09644935000907,1.8155489304560888,17.16441153566286,1.2294119596481323,0.6705443859100342,1.8896626234054565,18.354350116248224,279.10677083333337,234.44444444444446,273.6721001242598,220.00614908006457,284.5414415424069,248.88273980882434,0.9978252649307251,0.9970701932907104,
2026-07-14T22:11:47.932,8.755317411967553,20260714_221139_front_fusion_ego_49,parked_car20,fusion_ego_49,562932,3,vehicle,0.09287108480930328,-27.352206485791974,131.3723398171776,2.3992669570908163,-54.95621998741399,5.977012634277344,2.2842190265655518,2.4383480548858643,25.827192781300337,252.41927083333334,226.66666666666669,214.87775420894226,213.84348849455517,289.96078745772445,239.4898448387782,0.013028654269874096,0.9978398084640503,
2026-07-14T22:11:48.027,8.85065710102208,20260714_221139_front_fusion_ego_49,parked_car20,fusion_ego_49,562933,0,person,0.20666413009166718,-37.966418989111986,147.52870702874478,1.9304524078668734,125.27465340149287,0.5710408687591553,0.46893125772476196,1.7202587127685547,17.950299951822423,662.7395833333334,243.33333333333334,654.6505896275243,228.24524958928427,670.8285770391425,258.42141707738244,1.0,0.9976911544799805,
2026-07-14T22:11:48.027,8.85065710102208,20260714_221139_front_fusion_ego_49,parked_car20,fusion_ego_49,562933,1,person,0.1906479448080063,-36.17298432302938,132.84809905405808,1.804097255875277,-23.11864365805538,0.6791229844093323,0.5142545700073242,1.8069709539413452,16.912600891125184,279.10677083333337,234.44444444444446,273.92842972868436,219.42562964227466,284.2851119379824,249.46325924661426,0.9999343156814575,0.9990242719650269,
2026-07-14T22:11:48.027,8.85065710102208,20260714_221139_front_fusion_ego_49,parked_car20,fusion_ego_49,562933,2,vehicle,0.12150443345308304,-28.956291059509606,130.43362413324,1.991061476241839,-63.95252632666424,4.81219482421875,1.9721394777297974,1.9125862121582031,24.50396017392956,323.5859375,226.66666666666669,297.4680190756917,216.64143840471905,349.7038559243083,236.69189492861432,0.011323540471494198,0.9960587024688721,
2026-07-14T22:11:48.124,8.947438486036845,20260714_221139_front_fusion_ego_49,parked_car20,fusion_ego_49,562934,0,person,0.18601840734481812,-38.03727839880285,148.3034107184597,1.8990512028131334,165.2115061365625,0.6359716653823853,0.47076672315597534,1.6585191488265991,18.357389219458675,662.7395833333334,243.33333333333334,653.9858969797691,229.9227343996366,671.4932696868976,256.7439322670301,0.9999998807907104,0.9982932209968567,
2026-07-14T22:11:48.124,8.947438486036845,20260714_221139_front_fusion_ego_49,parked_car20,fusion_ego_49,562934,1,vehicle,0.12720605731010437,-30.977968319957583,130.30973879713721,1.553864777120765,63.172845457186,4.772820472717285,1.803635597229004,1.7246891260147095,22.61136763367087,315.80208333333337,234.44444444444446,292.88585537051165,223.82325169112949,338.7183112961551,245.06563719775943,0.0008130268543027341,0.997062623500824,
2026-07-14T22:11:48.124,8.947438486036845,20260714_221139_front_fusion_ego_49,parked_car20,fusion_ego_49,562934,2,person,0.11418801546096802,-35.48676708062685,133.41125572266148,1.7845314205606968,26.64485500016978,0.8406226634979248,0.5669441223144531,1.7591599225997925,17.451840876470065,279.10677083333337,234.44444444444446,273.56571059891337,221.28566291597156,284.6478310677534,247.60322597291736,0.9995431900024414,0.9990756511688232,
2026-07-14T22:11:48.212,9.03574448893778,20260714_221139_front_fusion_ego_49,parked_car20,fusion_ego_49,562935,0,vehicle,0.28205645084381104,-19.92694511887307,140.44539697657825,1.8255100732940548,-110.49978629745296,4.986815452575684,1.8693091869354248,1.6924357414245605,32.79617795719023,474.8151041666667,225.55555555555557,464.99754403407377,218.23953363630508,484.6326642992596,232.87157747480606,0.7265990376472473,0.9998745918273926,
2026-07-14T22:11:48.212,9.03574448893778,20260714_221139_front_fusion_ego_49,parked_car20,fusion_ego_49,562935,1,person,0.16390374302864075,-37.72611148405047,150.41684748870654,1.8324926758118423,115.44590597300838,0.52205491065979,0.43994084000587463,1.8973459005355835,19.953927265809874,670.5234375,235.55555555555557,663.0300380699337,220.48281762335037,678.0168369300663,250.62829348776077,0.9999953508377075,0.9751015901565552,
2026-07-14T22:11:48.212,9.03574448893778,20260714_221139_front_fusion_ego_49,parked_car20,fusion_ego_49,562935,2,vehicle,0.1410655379295349,-19.455327094492688,132.53661277672362,1.9505653472085385,-9.334530417691779,4.786437034606934,1.8880960941314697,1.7910581827163696,33.39921511689768,359.16927083333337,225.55555555555557,346.80184174639487,218.36203995678162,371.5366999202719,232.74907115432953,0.09018193930387497,0.9999463558197021,
2026-07-14T22:11:48.212,9.03574448893778,20260714_221139_front_fusion_ego_49,parked_car20,fusion_ego_49,562935,3,vehicle,0.12761984765529633,-30.785569708636125,130.95810448724788,1.4799483541916345,57.46060105189113,4.65385103225708,1.7814178466796875,1.6316025257110596,22.613933283063457,315.80208333333337,234.44444444444446,293.56462252264225,224.20594212081699,338.0395441440245,244.68294676807193,0.0009286556160077453,0.9943348169326782,
2026-07-14T22:11:48.304,9.127386766020209,20260714_221139_front_fusion_ego_49,parked_car20,fusion_ego_49,562936,0,vehicle,0.1711188405752182,-19.859630391747785,141.54249533560963,1.764482115249649,-153.37712972666537,4.842402935028076,1.8399204015731812,1.4550716876983643,32.99506182310129,475.92708333333337,225.55555555555557,464.4422472001364,219.10626265737747,487.4119194665303,232.00484845373367,0.45246797800064087,0.9998952150344849,
2026-07-14T22:11:48.304,9.127386766020209,20260714_221139_front_fusion_ego_49,parked_car20,fusion_ego_49,562936,1,person,0.14609220623970032,-37.498363223416526,150.68913205461175,1.834823975884234,130.84310846665304,0.48205217719078064,0.4399067461490631,1.8036601543426514,20.305306297000552,670.5234375,235.55555555555557,662.9116232581437,221.41412529680466,678.1352517418563,249.6969858143065,0.9999940395355225,0.9321210980415344,
2026-07-14T22:11:48.304,9.127386766020209,20260714_221139_front_fusion_ego_49,parked_car20,fusion_ego_49,562936,2,vehicle,0.11833123117685318,-31.02742061623652,130.49197825613442,1.5147416719161129,60.66278934658776,4.781620979309082,1.8299407958984375,1.6426942348480225,22.51167231474123,315.80208333333337,234.44444444444446,293.01076977824175,223.86220988300113,338.593396888425,245.0266790058878,0.001001040800474584,0.9967658519744873,
2026-07-14T22:11:48.390,9.213389834971167,20260714_221139_front_fusion_ego_49,parked_car20,fusion_ego_49,562937,0,person,0.1745695173740387,-29.002300505519507,128.6071588622301,1.9187456679127166,-13.351792580073223,1.3138881921768188,0.8206415176391602,1.7999687194824219,25.017487831581157,280.21875,226.66666666666669,275.42214801255614,215.3408745924632,285.01535198744386,237.99245874087018,0.9552680253982544,0.9629296660423279,
2026-07-14T22:11:48.390,9.213389834971167,20260714_221139_front_fusion_ego_49,parked_car20,fusion_ego_49,562937,1,person,0.1258765459060669,-37.43258838364071,148.7985761500359,1.7305109901697975,172.5001019724883,0.5777158737182617,0.5773657560348511,1.39125394821167,19.142773220221226,662.7395833333334,235.55555555555557,653.7956318867704,221.83457497093414,671.6835347798964,249.276536140177,0.9999911785125732,0.9513433575630188,
2026-07-14T22:11:48.390,9.213389834971167,20260714_221139_front_fusion_ego_49,parked_car20,fusion_ego_49,562937,2,vehicle,0.12021689862012863,-31.283307357623166,130.679244799277,1.4959273888812277,36.8032086493647,4.785366058349609,1.8272836208343506,1.5719555616378784,22.21335545130458,315.80208333333337,234.44444444444446,291.7563493524989,223.25482812192706,339.84781731416786,245.63406076696185,0.0018099317094311118,0.9966275095939636,
2026-07-14T22:11:48.477,9.300551143009216,20260714_221139_front_fusion_ego_49,parked_car20,fusion_ego_49,562938,0,person,0.2096172273159027,-37.57532304857148,149.83032549397774,1.8838495372808453,117.3972259185432,0.3972463607788086,0.4235125184059143,1.8406808376312256,19.67952642342025,670.5234375,235.55555555555557,663.3906479328871,221.41171667310928,677.6562270671129,249.69939443800186,0.9999979734420776,0.8579725027084351,
2026-07-14T22:11:48.477,9.300551143009216,20260714_221139_front_fusion_ego_49,parked_car20,fusion_ego_49,562938,1,person,0.14791862666606903,-39.88529525612364,132.9709607163077,1.8230377947201788,131.65039597434244,1.0313682556152344,0.6036437749862671,1.832268476486206,13.31258091675721,270.2109375,234.44444444444446,263.5903522018343,216.8476763036516,276.8315227981657,252.0412125852373,0.9999788999557495,0.9998296499252319,
2026-07-14T22:11:48.477,9.300551143009216,20260714_221139_front_fusion_ego_49,parked_car20,fusion_ego_49,562938,2,vehicle,0.09894997626543045,-31.1651232897001,133.3193403811216,1.5967793660379215,-47.54095987783651,4.806850910186768,1.790696144104004,1.7147886753082275,21.716082984978723,323.5859375,234.44444444444446,297.3836229518056,224.0993940499094,349.7882520481944,244.78949483897952,0.00035539743839763105,0.9989332556724548,
2026-07-14T22:11:48.567,9.389619702007622,20260714_221139_front_fusion_ego_49,parked_car20,fusion_ego_49,562939,0,person,0.17191751301288605,-36.91524790303707,148.62985070071034,1.9678408214632697,122.37134421884306,0.4859820008277893,0.46256333589553833,1.749940037727356,19.44745719095585,662.7395833333334,243.33333333333334,654.2757962973168,228.43499263127646,671.20337036935,258.23167403539026,1.0,0.9966312050819397,
2026-07-14T22:11:48.567,9.389619702007622,20260714_221139_front_fusion_ego_49,parked_car20,fusion_ego_49,562939,1,vehicle,0.16167710721492767,-30.72437456490498,130.34585009653154,1.4205364122937283,55.23890783290232,4.962128639221191,1.8688756227493286,1.598899483680725,22.84747249131668,315.80208333333337,234.44444444444446,291.52589047824347,224.60312810209064,340.0782761884233,244.28576078679828,0.00040576347964815795,0.9984666109085083,
2026-07-14T22:11:48.657,9.479829245945439,20260714_221139_front_fusion_ego_49,parked_car20,fusion_ego_49,562940,0,person,0.1982869952917099,-37.41738965070199,149.8407434054803,1.7899074760275084,38.23535667394788,0.4234617054462433,0.4517752230167389,1.6966949701309204,19.80884114968579,670.5234375,235.55555555555557,663.1041805483401,222.1102586719725,677.9426944516599,249.00085243913864,0.9999953508377075,0.9560732841491699,
2026-07-14T22:11:48.657,9.479829245945439,20260714_221139_front_fusion_ego_49,parked_car20,fusion_ego_49,562940,1,vehicle,0.12237173318862915,-30.801470538495003,129.8406765791542,1.5334343844925655,27.147671968635304,4.694794654846191,1.8080508708953857,1.5992093086242676,22.92386297646732,315.80208333333337,234.44444444444446,292.3000311677655,224.08457305696277,339.30413549890125,244.80431583192615,0.0009971082909032702,0.9952461123466492,
2026-07-14T22:11:48.657,9.479829245945439,20260714_221139_front_fusion_ego_49,parked_car20,fusion_ego_49,562940,2,vehicle,0.10914452373981476,-18.94172764338859,132.08359583579275,1.9429334733610801,2.9776292133877313,4.874083995819092,1.9440886974334717,1.7113393545150757,33.971628334959505,359.16927083333337,225.55555555555557,344.88081108530366,218.99532291624283,373.4577305813631,232.11578819486832,0.037321917712688446,0.999946117401123,
2026-07-14T22:11:48.752,9.575088522979058,20260714_221139_front_fusion_ego_49,parked_car20,fusion_ego_49,562941,0,vehicle,0.20507419109344482,-18.866371676261267,132.66177620429596,1.8948011407654803,-20.16598828326052,4.633618354797363,1.8542988300323486,1.6499515771865845,33.96697898979135,359.16927083333337,225.55555555555557,346.66134485167765,219.22286096546387,371.6771968149891,231.88825014564728,0.11427726596593857,0.9999477863311768,
2026-07-14T22:11:48.752,9.575088522979058,20260714_221139_front_fusion_ego_49,parked_car20,fusion_ego_49,562941,1,vehicle,0.09987358748912811,-31.11428991961584,132.30262052529787,1.5207350887775988,38.35358216105471,4.704198837280273,1.7999467849731445,1.6188769340515137,21.966371535971163,323.5859375,234.44444444444446,297.11684842035174,224.61972739961413,350.05502657964826,244.26916148927478,0.0002543925365898758,0.9950475692749023,
2026-07-14T22:11:48.752,9.575088522979058,20260714_221139_front_fusion_ego_49,parked_car20,fusion_ego_49,562941,2,person,0.06793995946645737,-39.48670110656478,146.65420730705472,1.802038587581933,-122.50683010176337,0.7851359248161316,0.5217387080192566,1.4488664865493774,16.210131001803532,662.7395833333334,243.33333333333334,651.9028711275508,229.7928520043691,673.5762955391159,256.8738146622976,0.9999983310699463,0.99666827917099,
2026-07-14T22:11:48.840,9.663182997959666,20260714_221139_front_fusion_ego_49,parked_car20,fusion_ego_49,562942,0,person,0.21500647068023682,-38.770339821644,147.0563721352488,1.890283042635204,-169.93809405457606,0.6188946962356567,0.5350325703620911,1.5653231143951416,17.023127894404826,662.7395833333334,243.33333333333334,652.1401954585066,229.46743388970694,673.3389712081602,257.1992327769598,0.9999998807907104,0.9975296854972839,
2026-07-14T22:11:48.840,9.663182997959666,20260714_221139_front_fusion_ego_49,parked_car20,fusion_ego_49,562942,1,vehicle,0.14656852185726166,-30.41935973521003,131.51807252003036,1.588009624937527,42.101741173992146,4.869609355926514,1.8460536003112793,1.7019776105880737,22.820448570909196,323.5859375,234.44444444444446,298.910511020571,224.6977921989229,348.261363979429,244.191096689966,0.0005124830640852451,0.9985927939414978,
2026-07-14T22:11:48.840,9.663182997959666,20260714_221139_front_fusion_ego_49,parked_car20,fusion_ego_49,562942,2,vehicle,0.10755937546491623,-19.6536200112697,140.6589285734287,1.8135242182581237,175.4361474522407,4.90806245803833,1.8196380138397217,1.653249740600586,33.09073139776997,475.92708333333337,225.55555555555557,463.7324264229586,218.8061847123835,488.12174024370813,232.30492639872764,0.7658692002296448,0.9998786449432373,
2026-07-14T22:11:48.840,9.663182997959666,20260714_221139_front_fusion_ego_49,parked_car20,fusion_ego_49,562942,3,vehicle,0.08192961663007736,-32.54062064778205,148.333541633166,2.396875610113426,97.07057657078035,6.149406909942627,2.361271619796753,3.0428104400634766,22.961238530705614,618.2604166666667,225.55555555555557,592.7095585602026,206.6704222891066,643.8112747731309,244.44068882200455,0.00032895314507186413,0.8908065557479858,
2026-07-14T22:11:48.932,9.755113385966979,20260714_221139_front_fusion_ego_49,parked_car20,fusion_ego_49,562943,0,person,0.16841401159763336,-37.093832129496064,133.46496255812536,1.7934193487421908,-1.1704308513409647,0.8168755769729614,0.5492168664932251,1.8033926486968994,15.872135488042447,279.10677083333337,234.44444444444446,273.3991739622628,218.92055180337695,284.81436770440394,249.96833708551196,0.9988135099411011,0.9984971284866333,
2026-07-14T22:11:48.932,9.755113385966979,20260714_221139_front_fusion_ego_49,parked_car20,fusion_ego_49,562943,1,person,0.11350957304239273,-38.286669230202,147.32792067300076,1.9322140893623683,-148.9491656006951,0.6049134731292725,0.4676690399646759,1.6251473426818848,17.57311399181753,662.7395833333334,243.33333333333334,652.9315467153987,229.7044955690702,672.5476199512681,256.9621710975965,0.9999984502792358,0.9966733455657959,
2026-07-14T22:11:48.932,9.755113385966979,20260714_221139_front_fusion_ego_49,parked_car20,fusion_ego_49,562943,2,vehicle,0.10620839893817902,-27.3749171846921,129.540310842002,1.9172273064366863,-54.35141184602263,4.892677307128906,1.950356125831604,2.000033378601074,26.272429881860262,323.5859375,226.66666666666669,297.842950001359,216.66045169035596,349.328924998641,236.67288164297742,0.008096743375062943,0.9851337671279907,
2026-07-14T22:11:49.028,9.850762575981207,20260714_221139_front_fusion_ego_49,parked_car20,fusion_ego_49,562944,0,vehicle,0.20679451525211334,-20.454483475732268,141.41113194840065,1.8388829221926812,-118.26790001147614,4.939490795135498,1.8448354005813599,1.6373248100280762,32.38685406392583,475.92708333333337,225.55555555555557,465.64497865860665,218.8308485183451,486.2091880080601,232.28026259276604,0.36210086941719055,0.9998606443405151,
2026-07-14T22:11:49.028,9.850762575981207,20260714_221139_front_fusion_ego_49,parked_car20,fusion_ego_49,562944,1,person,0.13277658820152283,-36.90085250481503,148.21739762559946,1.8939618962422884,-141.00830940379163,0.45738834142684937,0.40136978030204773,1.6280491352081299,19.218118879622462,662.7395833333334,243.33333333333334,654.2806105477115,230.30741592248282,671.1985561189553,256.3592507441839,1.0,0.9981726408004761,
2026-07-14T22:11:49.028,9.850762575981207,20260714_221139_front_fusion_ego_49,parked_car20,fusion_ego_49,562944,2,vehicle,0.11247433722019196,-30.07955240160501,131.7636094870401,1.7017232923739982,12.977175735876202,4.9292778968811035,1.853604793548584,1.87948477268219,23.089257806622708,323.5859375,234.44444444444446,299.03334956616163,223.69307157066135,348.13852543383837,245.19581731822757,0.004864648450165987,0.9982597231864929,
2026-07-14T22:11:49.120,9.9432788209524,20260714_221139_front_fusion_ego_49,parked_car20,fusion_ego_49,562945,0,person,0.14090727269649506,-37.557237891901885,149.91777197040693,1.8789861125233642,107.11292114506757,0.5371648669242859,0.4704154133796692,1.8081693649291992,19.75019828909006,670.5234375,235.55555555555557,663.0593339726329,221.42813983890747,677.9875410273671,249.68297127220367,0.9999862909317017,0.9554383158683777,
2026-07-14T22:11:49.120,9.9432788209524,20260714_221139_front_fusion_ego_49,parked_car20,fusion_ego_49,562945,1,vehicle,0.11428877711296082,-30.6462288134055,131.7591268308867,1.5791797693093486,9.228753070583226,4.74732780456543,1.7782013416290283,1.8037406206130981,22.54291890287902,323.5859375,234.44444444444446,300.1523442454636,223.65455415513782,347.0195307545364,245.2343347337511,0.0009802281856536865,0.9973911046981812,
2026-07-14T22:11:49.120,9.9432788209524,20260714_221139_front_fusion_ego_49,parked_car20,fusion_ego_49,562945,2,person,0.09910957515239716,-28.246622220847048,128.30034440503712,2.0462536932243722,3.101513694639799,2.0272631645202637,1.039474606513977,1.906604528427124,25.830757372944227,280.21875,226.66666666666669,273.963436903432,216.33216450611752,286.474063096568,237.00116882721585,0.7282187342643738,0.9784709811210632,
2026-07-14T22:11:49.212,10.034509166958742,20260714_221139_front_fusion_ego_49,parked_car20,fusion_ego_49,562946,0,person,0.17129355669021606,-37.71774451257703,132.34167378936843,1.856202830566538,-80.55172553603758,0.44245579838752747,0.38952431082725525,1.834883689880371,15.566542750774406,279.10677083333337,234.44444444444446,273.9953400942808,217.84813668992786,284.21820157238596,251.04075219896106,0.9999425411224365,0.9991577863693237,
2026-07-14T22:11:49.212,10.034509166958742,20260714_221139_front_fusion_ego_49,parked_car20,fusion_ego_49,562946,1,vehicle,0.16171257197856903,-29.505526379168302,130.56226394984202,1.993983937218502,-57.89263739934539,4.972304821014404,2.006425380706787,1.9778717756271362,23.94042507021126,323.5859375,226.66666666666669,293.8964640647173,216.38382116953534,353.2754109352827,236.94951216379803,0.005221130792051554,0.9993771910667419,
2026-07-14T22:11:49.212,10.034509166958742,20260714_221139_front_fusion_ego_49,parked_car20,fusion_ego_49,562946,2,vehicle,0.15229347348213196,-19.30470067335164,133.19368692574267,1.9190057921002506,14.738582286079831,5.040068626403809,1.9271522760391235,1.7484071254730225,33.4664939207408,359.16927083333337,225.55555555555557,347.3755893626561,218.84465340110992,370.9629523040106,232.26645771000122,0.0767970010638237,0.9999659061431885,
2026-07-14T22:11:49.212,10.034509166958742,20260714_221139_front_fusion_ego_49,parked_car20,fusion_ego_49,562946,3,person,0.11302167922258377,-36.456006491691625,151.15910421905767,1.7182118250279501,-10.97403226628282,0.41304585337638855,0.4690362811088562,1.5687934160232544,21.398852817344263,670.5234375,235.55555555555557,661.453016737476,222.05440613958572,679.593858262524,249.05670497152542,0.9999972581863403,0.973660409450531,
2026-07-14T22:11:49.305,10.128307834034786,20260714_221139_front_fusion_ego_49,parked_car20,fusion_ego_49,562947,0,person,0.20631630718708038,-37.17179913996179,150.13628660086283,1.718652675447025,-12.119156594764036,0.29784321784973145,0.4384031295776367,1.561880350112915,20.189085366354345,670.5234375,235.55555555555557,662.3077756408602,222.56182465288376,678.7390993591398,248.54928645822739,0.9999995231628418,0.9476604461669922,
2026-07-14T22:11:49.305,10.128307834034786,20260714_221139_front_fusion_ego_49,parked_car20,fusion_ego_49,562947,1,vehicle,0.102248914539814,-30.365667959200316,129.899467352533,1.554738412537759,42.445856533006655,4.792937278747559,1.834238886833191,1.6851164102554321,23.31881354612223,315.80208333333337,234.44444444444446,292.0871399727961,223.56741276052264,339.51702669387066,245.32147612836627,0.0010778156574815512,0.9914597272872925,
2026-07-14T22:11:49.391,10.214497815002687,20260714_221139_front_fusion_ego_49,parked_car20,fusion_ego_49,562948,0,vehicle,0.14485815167427063,-31.993307375302518,130.91097302239683,1.4876190847046047,80.41267360229543,5.069616794586182,1.9140231609344482,1.6544241905212402,21.467535292438306,315.80208333333337,234.44444444444446,289.5798627783855,222.8484904434946,342.0243038882812,246.04039844539432,0.0018907926278188825,0.9982043504714966,
2026-07-14T22:11:49.391,10.214497815002687,20260714_221139_front_fusion_ego_49,parked_car20,fusion_ego_49,562948,1,vehicle,0.13039690256118774,-26.58085926289555,131.38124279371473,2.402410323181485,-65.43169085147929,6.05607271194458,2.2956748008728027,2.488828420639038,26.57823482767054,252.41927083333334,226.66666666666669,214.92307640363774,214.20076767603558,289.915465263029,239.1325656572978,0.00782318040728569,0.9987910389900208,
2026-07-14T22:11:49.391,10.214497815002687,20260714_221139_front_fusion_ego_49,parked_car20,fusion_ego_49,562948,2,person,0.12210551649332047,-35.291651339274395,131.07906279489796,1.7497343310000701,84.27187377217365,0.8361128568649292,0.5450356602668762,1.7276151180267334,18.269272422582407,279.10677083333337,234.44444444444446,273.4044224734729,221.55059989955691,284.80911919319385,247.338288989332,0.9990185499191284,0.9988757967948914,
2026-07-14T22:11:49.391,10.214497815002687,20260714_221139_front_fusion_ego_49,parked_car20,fusion_ego_49,562948,3,vehicle,0.10729575902223587,-19.705558033895798,132.59157401138174,1.9088847622054175,-27.965737918750676,4.8889031410217285,1.910569190979004,1.7075166702270508,33.144330764997555,359.16927083333337,225.55555555555557,345.8220133421322,218.50155148241257,372.51652832453453,232.60955962869858,0.021152300760149956,0.9999650716781616,
2026-07-14T22:11:49.479,10.302299150964245,20260714_221139_front_fusion_ego_49,parked_car20,fusion_ego_49,562949,0,person,0.2029072493314743,-36.860535558129754,150.78333428647537,1.7866806458874294,16.428980203368525,0.5559632778167725,0.48057907819747925,1.7570286989212036,20.845373501959326,670.5234375,235.55555555555557,662.9203442651778,222.0863986346457,678.1265307348222,249.02471247646545,0.9999988079071045,0.9754029512405396,
2026-07-14T22:11:49.479,10.302299150964245,20260714_221139_front_fusion_ego_49,parked_car20,fusion_ego_49,562949,1,vehicle,0.12570124864578247,-27.911503539485413,129.26128678360797,1.865411123992942,-99.98937874599355,4.557392120361328,1.837270975112915,1.8700929880142212,25.8424977442525,315.80208333333337,226.66666666666669,289.7691734520098,216.54527405897778,341.83499321465695,236.7880592743556,0.01700442098081112,0.9923372864723206,
2026-07-14T22:11:49.581,10.404647361021489,20260714_221139_front_fusion_ego_49,parked_car20,fusion_ego_49,562950,0,person,0.18463943898677826,-36.796094047623114,130.65187440490703,1.6862822913094746,-167.68225004444471,0.879347562789917,0.5997855067253113,1.6866825819015503,17.01426844460517,271.3229166666667,234.44444444444446,264.9636553699772,220.3096839454439,277.6821779633562,248.579204943445,0.9997113347053528,0.999238133430481,
2026-07-14T22:11:49.581,10.404647361021489,20260714_221139_front_fusion_ego_49,parked_car20,fusion_ego_49,562950,1,person,0.16765999794006348,-36.90048120232203,151.05449054630847,1.8001323859798077,161.95165352385465,0.5476756691932678,0.45578932762145996,1.7996008396148682,20.994744148217315,670.5234375,235.55555555555557,663.1206578034908,221.79404947492813,677.9262171965092,249.317061636183,0.9999951124191284,0.9685025215148926,
2026-07-14T22:11:49.581,10.404647361021489,20260714_221139_front_fusion_ego_49,parked_car20,fusion_ego_49,562950,2,vehicle,0.12793006002902985,-27.686519517238562,129.99879742236268,2.0184068335825884,-82.18337721844888,5.029647350311279,2.018666982650757,1.9813387393951416,25.84371295596319,323.5859375,226.66666666666669,296.526223488152,216.6537908713023,350.645651511848,236.67954246203107,0.007477561943233013,0.9990766048431396,
