profile,family,quantizer,bit_width,q,q_e4,layout,original_inner_median_bytes,compressed_median_bytes,compressed_p95_bytes,compression_ratio,size_change_fraction,forward_layout_median_ms,zstd_compression_median_ms,zstd_decompression_median_ms,inverse_layout_median_ms,complete_codec_median_ms,codec_latency_change_median_ms
noAE_UINT8_q00000,noAE,UINT8,8,0.00,0,CURRENT_CELL_MAJOR,5507116.0,3575780.5,3617265.55,0.6493596832829561,0.0,0.0063035,6.646507,4.253919,0.0055325,10.750102,0.011764499999999956
noAE_UINT8_q00000,noAE,UINT8,8,0.00,0,CHANNEL_MAJOR,5507116.0,3362738.5,3418413.3,0.6087288260883736,-0.0625706495807774,18.152227,8.4412305,4.196614,9.3533715,40.187518,29.449180499999997
noAE_UINT8_q00000,noAE,UINT8,8,0.00,0,CHANNEL_MAJOR_MODULAR_DELTA,5507116.0,3403829.5,3585901.8,0.6159743636120067,-0.05141267702695029,38.9416745,8.1050935,3.815315,60.9920245,112.009584,101.2712465
noAE_UINT8_q03000,noAE,UINT8,8,0.30,3000,CURRENT_CELL_MAJOR,3858348.0,2518367.5,2551842.7,0.6526399907745492,0.0,0.0058075,4.8725195,2.1176045,0.006868,7.0219995,0.013307999999999431
noAE_UINT8_q03000,noAE,UINT8,8,0.30,3000,CHANNEL_MAJOR,3858348.0,2410758.0,2434724.4,0.6245608649252219,-0.043023912488113214,10.452621,6.1972155,2.9472495,5.6808505,25.4184125,18.409720999999998
noAE_UINT8_q03000,noAE,UINT8,8,0.30,3000,CHANNEL_MAJOR_MODULAR_DELTA,3858348.0,2548985.0,2603010.95,0.6575192061634928,0.007476120767826444,24.869567,5.7378235,2.7338805,39.1212125,72.667392,65.65870050000001
noAE_UINT8_q05000,noAE,UINT8,8,0.50,5000,CURRENT_CELL_MAJOR,2757292.0,1790119.5,1816662.05,0.649830238781384,0.0,0.0054375,3.6406315,1.5209875,0.006399,5.1679435,0.01058849999999989
noAE_UINT8_q05000,noAE,UINT8,8,0.50,5000,CHANNEL_MAJOR,2757292.0,1730939.5,1752771.25,0.6279809138821714,-0.033623127388141216,3.56314,4.314264,2.1001915,1.9711915,12.1978615,7.0405065
noAE_UINT8_q05000,noAE,UINT8,8,0.50,5000,CHANNEL_MAJOR_MODULAR_DELTA,2757292.0,1865321.0,1916559.1,0.6755751431114296,0.039617892171845526,15.523474,4.0515465,1.9666695,28.6764675,50.195714,45.038359
noAE_UINT8_q07000,noAE,UINT8,8,0.70,7000,CURRENT_CELL_MAJOR,1656236.0,1065089.0,1082038.3,0.6432697959409166,0.0,0.00455,2.3117015,0.9431985,0.003145,3.266103,0.007629500000000178
noAE_UINT8_q07000,noAE,UINT8,8,0.70,7000,CHANNEL_MAJOR,1656236.0,1038094.5,1051370.15,0.626846609948703,-0.025530789873619564,1.529217,2.67979,1.2514175,0.783419,6.2476215,2.989148
noAE_UINT8_q07000,noAE,UINT8,8,0.70,7000,CHANNEL_MAJOR_MODULAR_DELTA,1656236.0,1143420.0,1174071.05,0.6914871138910759,0.07495660180909214,8.7157705,2.485943,1.1883845,15.93879,28.360235,25.1017615
noAE_UINT8_q09000,noAE,UINT8,8,0.90,9000,CURRENT_CELL_MAJOR,555180.0,349383.5,355307.05,0.6300990078668179,0.0,0.0032685,0.895606,0.326691,0.0017785,1.229727,0.006300500000000042
noAE_UINT8_q09000,noAE,UINT8,8,0.90,9000,CHANNEL_MAJOR,555180.0,344607.0,349817.5,0.620876872140567,-0.01463601054931385,0.4592515,0.9949505,0.432446,0.1860525,2.0754515,0.8520249999999998
noAE_UINT8_q09000,noAE,UINT8,8,0.90,9000,CHANNEL_MAJOR_MODULAR_DELTA,555180.0,394200.5,402038.95,0.7115912012770633,0.12933236268080273,2.9234735,0.9403365,0.4088095,5.385374,9.688331,8.4649045
noAE_UINT8_q09800,noAE,UINT8,8,0.98,9800,CURRENT_CELL_MAJOR,114860.0,71279.5,72134.75,0.6200468913242208,0.0,0.002374,0.202205,0.0836445,0.0012865,0.2910775,0.004178499999999974
noAE_UINT8_q09800,noAE,UINT8,8,0.98,9800,CHANNEL_MAJOR,114860.0,70384.0,71239.9,0.6119908883640954,-0.01299257051820768,0.049835,0.2083425,0.0945305,0.0391285,0.389815,0.10291600000000001
noAE_UINT8_q09800,noAE,UINT8,8,0.98,9800,CHANNEL_MAJOR_MODULAR_DELTA,114860.0,82731.5,84151.25,0.7194717346117012,0.1603505229663209,0.563721,0.202284,0.0970165,1.117076,1.9795535,1.6926545
noAE_UINT6_q00000,noAE,UINT6,6,0.00,0,CURRENT_CELL_MAJOR,4130868.0,2742677.5,2802886.2,0.6591695362209589,0.0,0.006264,4.542456,2.242776,0.005025,6.8427135,0.01047350000000069
noAE_UINT6_q00000,noAE,UINT6,6,0.00,0,CHANNEL_MAJOR,4130868.0,2516313.0,2583179.75,0.6031914365515916,-0.08492215825126204,29.2810535,6.338686,3.0482405,19.17742,57.8980275,51.0657875
noAE_UINT6_q00000,noAE,UINT6,6,0.00,0,CHANNEL_MAJOR_MODULAR_DELTA,4130868.0,2616986.5,2780453.05,0.6291132377474904,-0.04559722017158485,55.248686,6.1547215,2.8599245,76.3593235,140.9526885,134.12044849999998
noAE_UINT6_q03000,noAE,UINT6,6,0.30,3000,CURRENT_CELL_MAJOR,2894964.0,1953722.0,1986885.05,0.6735583137864581,0.0,0.0061305,3.131121,1.5454515,0.004227,4.6861115,0.010301499999999741
noAE_UINT6_q03000,noAE,UINT6,6,0.30,3000,CHANNEL_MAJOR,2894964.0,1835195.0,1854490.85,0.632067904169102,-0.061598838241806786,18.6465415,4.368905,2.140615,13.1141575,38.3573825,33.6815725
noAE_UINT6_q03000,noAE,UINT6,6,0.30,3000,CHANNEL_MAJOR_MODULAR_DELTA,2894964.0,1970369.0,2021946.7,0.6777375648065054,0.006204735261232663,31.8065635,4.2323615,2.060187,48.049706,86.359131,81.683321
noAE_UINT6_q05000,noAE,UINT6,6,0.50,5000,CURRENT_CELL_MAJOR,2069172.0,1394180.5,1417908.35,0.6743781072211493,0.0,0.0060245,2.273533,1.127227,0.0053085,3.4254685,0.011099999999999888
noAE_UINT6_q05000,noAE,UINT6,6,0.50,5000,CHANNEL_MAJOR,2069172.0,1322524.0,1337823.7,0.6389391014557997,-0.05255064686393818,9.607598,3.169781,1.523548,7.369407,21.6647355,18.250366999999997
noAE_UINT6_q05000,noAE,UINT6,6,0.50,5000,CHANNEL_MAJOR_MODULAR_DELTA,2069172.0,1444100.5,1491296.9,0.6970109677325036,0.033561084307163425,20.088391,3.0343465,1.486258,34.439469,59.0957505,55.681382
noAE_UINT6_q07000,noAE,UINT6,6,0.70,7000,CURRENT_CELL_MAJOR,1243380.0,834191.0,845375.0,0.6709754484751242,0.0,0.0054415,1.397111,0.6791195,0.003268,2.085557,0.008308500000000052
noAE_UINT6_q07000,noAE,UINT6,6,0.70,7000,CHANNEL_MAJOR,1243380.0,796789.5,807845.15,0.6406872986838296,-0.04514047400710164,4.4808645,1.96131,0.9162575,3.395642,10.8026625,8.725414
noAE_UINT6_q07000,noAE,UINT6,6,0.70,7000,CHANNEL_MAJOR_MODULAR_DELTA,1243380.0,885433.0,910826.5,0.7134375653460728,0.06328415885774819,11.054416,1.8585565,0.893474,19.3734175,33.26842,31.1911715
noAE_UINT6_q09000,noAE,UINT6,6,0.90,9000,CURRENT_CELL_MAJOR,417588.0,275596.0,279935.35,0.6608309393768499,0.0,0.004015,0.5658705,0.236744,0.002088,0.807223,0.007396999999999987
noAE_UINT6_q09000,noAE,UINT6,6,0.90,9000,CHANNEL_MAJOR,417588.0,265698.0,271097.9,0.6370405571699858,-0.03600070878839001,1.366658,0.7458805,0.308683,1.0601925,3.4889255,2.6890995
noAE_UINT6_q09000,noAE,UINT6,6,0.90,9000,CHANNEL_MAJOR_MODULAR_DELTA,417588.0,305031.0,311104.95,0.731927686499612,0.10758689232953422,3.6729985,0.6858735,0.3007395,6.438529,11.1289635,10.3291375
noAE_UINT6_q09800,noAE,UINT6,6,0.98,9800,CURRENT_CELL_MAJOR,87348.0,56389.0,57114.4,0.644900999450474,0.0,0.002215,0.142648,0.0621715,0.001316,0.208575,0.004245500000000013
noAE_UINT6_q09800,noAE,UINT6,6,0.98,9800,CHANNEL_MAJOR,87348.0,54916.5,55714.8,0.6277403854409946,-0.026609687415746097,0.253245,0.1559705,0.0707165,0.238228,0.722407,0.5180775
noAE_UINT6_q09800,noAE,UINT6,6,0.98,9800,CHANNEL_MAJOR_MODULAR_DELTA,87348.0,64124.5,65191.3,0.7339006939197235,0.13800520474473887,0.743243,0.149382,0.073992,1.3501055,2.310182,2.1058525
noAE_UINT4_q00000,noAE,UINT4,4,0.00,0,CURRENT_CELL_MAJOR,2754612.0,1461875.0,1565554.1,0.5221527030167951,0.0,0.0057915,3.5607105,1.501046,0.0032795,5.086075,0.009341000000000044
noAE_UINT4_q00000,noAE,UINT4,4,0.00,0,CHANNEL_MAJOR,2754612.0,1233444.0,1339660.85,0.44890712206020306,-0.14027616927654996,21.7528995,4.3776265,1.8056995,10.5016455,38.583912,33.507177999999996
noAE_UINT4_q00000,noAE,UINT4,4,0.00,0,CHANNEL_MAJOR_MODULAR_DELTA,2754612.0,1253008.0,1377267.7,0.45705676970114123,-0.12466838329008911,39.0414295,4.3466735,1.7406345,67.364079,112.958146,107.881412
noAE_UINT4_q03000,noAE,UINT4,4,0.30,3000,CURRENT_CELL_MAJOR,1931572.0,1095638.0,1127985.95,0.5608920682545098,0.0,0.006413,2.404057,1.047585,0.0036445,3.4751585,0.010066999999999826
noAE_UINT4_q03000,noAE,UINT4,4,0.30,3000,CHANNEL_MAJOR,1931572.0,970782.0,997772.7999999999,0.4987999856787632,-0.11070237232802471,12.2760515,3.168049,1.3035835,6.8638855,23.6450725,20.179981
noAE_UINT4_q03000,noAE,UINT4,4,0.30,3000,CHANNEL_MAJOR_MODULAR_DELTA,1931572.0,1002132.5,1038201.45,0.5144793293687732,-0.08274807491960534,26.087975,3.084141,1.237591,44.443997,75.059425,71.5943335
noAE_UINT4_q05000,noAE,UINT4,4,0.50,5000,CURRENT_CELL_MAJOR,1381044.0,799319.0,821125.55,0.5764198984156189,0.0,0.0058805,1.622392,0.7383115,0.003584,2.3688805,0.00897149999999991
noAE_UINT4_q05000,noAE,UINT4,4,0.50,5000,CHANNEL_MAJOR,1381044.0,722303.0,747978.8,0.5220691737555067,-0.09429016036660731,5.135337,2.269999,0.956082,3.3830135,12.187513,9.827604
noAE_UINT4_q05000,noAE,UINT4,4,0.50,5000,CHANNEL_MAJOR_MODULAR_DELTA,1381044.0,755034.5,791898.45,0.545016968367771,-0.054479260924481965,15.800292,2.222618,0.8983365,32.619373,51.657275,49.297366
noAE_UINT4_q07000,noAE,UINT4,4,0.70,7000,CURRENT_CELL_MAJOR,830516.0,490247.0,500719.65,0.589300648256626,0.0,0.004835,0.955745,0.437515,0.0024075,1.403153,0.007573500000000122
noAE_UINT4_q07000,noAE,UINT4,4,0.70,7000,CHANNEL_MAJOR,830516.0,448508.0,461920.5,0.5408713528697822,-0.08218096404630815,2.460165,1.41731,0.5889,1.6771455,6.141029,4.745449499999999
noAE_UINT4_q07000,noAE,UINT4,4,0.70,7000,CHANNEL_MAJOR_MODULAR_DELTA,830516.0,475867.0,497831.7,0.5741786393940634,-0.02566094048479184,9.0235525,1.35276,0.5443485,18.1753265,29.119327,27.723747499999998
noAE_UINT4_q09000,noAE,UINT4,4,0.90,9000,CURRENT_CELL_MAJOR,279988.0,166085.5,169530.85,0.5933108907792477,0.0,0.003016,0.3497955,0.152599,0.0016855,0.507635,0.004097999999999935
noAE_UINT4_q09000,noAE,UINT4,4,0.90,9000,CHANNEL_MAJOR,279988.0,155803.5,159726.85,0.5577258556616712,-0.0599770468916212,0.7838115,0.5374225,0.206093,0.513431,2.055981,1.552444
noAE_UINT4_q09000,noAE,UINT4,4,0.90,9000,CHANNEL_MAJOR_MODULAR_DELTA,279988.0,171131.5,177040.6,0.6130904773150992,0.03333764278264506,3.0771645,0.521213,0.1915085,6.0872425,9.8906855,9.3871485
noAE_UINT4_q09800,noAE,UINT4,4,0.98,9800,CURRENT_CELL_MAJOR,59828.0,34890.5,35554.2,0.582797509109447,0.0,0.0022615,0.1005745,0.042386,0.001234,0.1476445,0.0035775000000000112
noAE_UINT4_q09800,noAE,UINT4,4,0.98,9800,CHANNEL_MAJOR,59828.0,33639.0,34378.45,0.5617034457110384,-0.03619449820683329,0.128168,0.114556,0.0511915,0.115924,0.41075,0.266683
noAE_UINT4_q09800,noAE,UINT4,4,0.98,9800,CHANNEL_MAJOR_MODULAR_DELTA,59828.0,37968.0,39014.95,0.6334326371013572,0.08688288333504368,0.6185745,0.110662,0.0499145,1.281293,2.0540605,1.9099935
AE128_UINT8_q00000,AE128,UINT8,8,0.00,0,CURRENT_CELL_MAJOR,2753586.0,2341485.0,2371613.5,0.8503306375985714,0.0,0.005975,1.793671,1.813403,0.0063175,3.6246385,0.012077000000000115
AE128_UINT8_q00000,AE128,UINT8,8,0.00,0,CHANNEL_MAJOR,2753586.0,2334110.5,2360153.65,0.8467677041183751,-0.004190056576414247,3.923652,2.035409,1.8419395,3.6112055,11.676668,8.0641065
AE128_UINT8_q00000,AE128,UINT8,8,0.00,0,CHANNEL_MAJOR_MODULAR_DELTA,2753586.0,2206553.5,2292059.75,0.8011273469849861,-0.0578637161099369,15.861354,2.0055165,1.6745375,35.9316025,55.4670595,51.854498
AE128_UINT8_q03000,AE128,UINT8,8,0.30,3000,CURRENT_CELL_MAJOR,1930546.0,1670995.0,1683371.45,0.8659073043649309,0.0,0.0053545,1.265546,1.274278,0.0029935,2.533892,0.00910299999999964
AE128_UINT8_q03000,AE128,UINT8,8,0.30,3000,CHANNEL_MAJOR,1930546.0,1668229.5,1677379.65,0.8637414056049428,-0.002501305565930756,1.793367,1.297303,1.2586675,0.9914035,5.317916,2.793127
AE128_UINT8_q03000,AE128,UINT8,8,0.30,3000,CHANNEL_MAJOR_MODULAR_DELTA,1930546.0,1623872.5,1645423.25,0.8387474563543164,-0.031365768453164855,10.288197,1.1807805,1.2200485,23.2958915,36.0309075,33.5061185
AE128_UINT8_q05000,AE128,UINT8,8,0.50,5000,CURRENT_CELL_MAJOR,1380018.0,1207870.5,1216483.7,0.8752770004630375,0.0,0.0042005,0.9349195,0.901951,0.002641,1.8201055,0.006994500000000015
AE128_UINT8_q05000,AE128,UINT8,8,0.50,5000,CHANNEL_MAJOR,1380018.0,1205413.0,1214495.6,0.8732178051753673,-0.002352621269130606,1.183984,0.9381995,0.886637,0.671371,3.681423,1.8683120000000002
AE128_UINT8_q05000,AE128,UINT8,8,0.50,5000,CHANNEL_MAJOR_MODULAR_DELTA,1380018.0,1184270.0,1202398.7,0.857232630978364,-0.020615610229821613,7.3567175,0.849656,0.895269,17.138975,26.2346435,24.4215325
AE128_UINT8_q07000,AE128,UINT8,8,0.70,7000,CURRENT_CELL_MAJOR,829490.0,733059.0,736998.35,0.8833247688338618,0.0,0.003048,0.5727735,0.5086965,0.0019845,1.08154,0.005444999999999922
AE128_UINT8_q07000,AE128,UINT8,8,0.70,7000,CHANNEL_MAJOR,829490.0,732188.0,736198.0,0.8821702378871354,-0.001307028838612223,0.6664775,0.573247,0.499891,0.29802,2.006914,0.9308190000000001
AE128_UINT8_q07000,AE128,UINT8,8,0.70,7000,CHANNEL_MAJOR_MODULAR_DELTA,829490.0,724727.5,734967.05,0.8738532204276122,-0.010722611592510534,4.3184885,0.532282,0.467196,9.9703645,15.3035585,14.227463499999999
AE128_UINT8_q09000,AE128,UINT8,8,0.90,9000,CURRENT_CELL_MAJOR,278962.0,248580.5,249960.4,0.8911720615173393,0.0,0.0025215,0.2097915,0.1725115,0.0014885,0.3892065,0.004103500000000038
AE128_UINT8_q09000,AE128,UINT8,8,0.90,9000,CHANNEL_MAJOR,278962.0,248566.5,249954.55,0.8908757061893735,-0.0003325455776309605,0.188989,0.1955265,0.167607,0.0958175,0.650927,0.26582400000000006
AE128_UINT8_q09000,AE128,UINT8,8,0.90,9000,CHANNEL_MAJOR_MODULAR_DELTA,278962.0,250214.0,252773.6,0.8967197201142091,0.006225126253873059,1.403033,0.2001645,0.1748545,3.3602795,5.1399875,4.7548845
AE128_UINT8_q09800,AE128,UINT8,8,0.98,9800,CURRENT_CELL_MAJOR,58802.0,51499.5,51780.9,0.8753778570456787,0.0,0.002331,0.056282,0.0410975,0.001234,0.101156,0.003770499999999996
AE128_UINT8_q09800,AE128,UINT8,8,0.98,9800,CHANNEL_MAJOR,58802.0,51499.0,51780.9,0.875378787073569,1.0624302211326153e-06,0.0311785,0.0497155,0.0359305,0.0262805,0.1436185,0.04623300000000001
AE128_UINT8_q09800,AE128,UINT8,8,0.98,9800,CHANNEL_MAJOR_MODULAR_DELTA,58802.0,52593.0,53031.9,0.893346261606748,0.020526455423159895,0.27163,0.0473775,0.034642,0.6839695,1.0380365,0.940651
AE128_UINT6_q00000,AE128,UINT6,6,0.00,0,CURRENT_CELL_MAJOR,2065460.0,1860747.0,1891593.0,0.8952249514030772,0.0,0.006003,1.500125,1.1739795,0.003264,2.6933265,0.00912999999999986
AE128_UINT6_q00000,AE128,UINT6,6,0.00,0,CHANNEL_MAJOR,2065460.0,1838312.0,1875707.25,0.8842620825082548,-0.012245937602208823,9.687831,1.659602,1.2007165,8.280108,20.899737,18.2155405
AE128_UINT6_q00000,AE128,UINT6,6,0.00,0,CHANNEL_MAJOR_MODULAR_DELTA,2065460.0,1758137.5,1839876.35,0.8464404304912707,-0.05449414790701157,21.090013,1.7338735,1.270623,40.668152,64.7979335,62.113737
AE128_UINT6_q03000,AE128,UINT6,6,0.30,3000,CURRENT_CELL_MAJOR,1448852.0,1336734.5,1345482.05,0.9208172282693471,0.0,0.0056085,1.0362845,0.8439875,0.0037155,1.888102,0.009134999999999893
AE128_UINT6_q03000,AE128,UINT6,6,0.30,3000,CHANNEL_MAJOR,1448852.0,1325129.5,1334003.15,0.913510376448043,-0.007935181485512643,5.3179865,0.985582,0.811718,4.1585085,11.369258,9.490291000000001
AE128_UINT6_q03000,AE128,UINT6,6,0.30,3000,CHANNEL_MAJOR_MODULAR_DELTA,1448852.0,1297158.5,1319158.45,0.8917594272482627,-0.0315565349224598,13.8200385,0.9713575,0.803894,26.7136325,42.497433,40.618466
AE128_UINT6_q05000,AE128,UINT6,6,0.50,5000,CURRENT_CELL_MAJOR,1035956.0,964096.0,969402.65,0.929948611475777,0.0,0.004772,0.718681,0.605612,0.002585,1.338663,0.007979500000000028
AE128_UINT6_q05000,AE128,UINT6,6,0.50,5000,CHANNEL_MAJOR,1035956.0,956757.5,962550.9,0.9232501715203155,-0.007203021621626338,3.6202005,0.693859,0.5800715,2.901345,7.871736,6.5410525
AE128_UINT6_q05000,AE128,UINT6,6,0.50,5000,CHANNEL_MAJOR_MODULAR_DELTA,1035956.0,943661.5,958701.65,0.909916465443513,-0.021541132257269613,9.675196,0.67662,0.5742715,19.51157,30.4838785,29.153195
AE128_UINT6_q07000,AE128,UINT6,6,0.70,7000,CURRENT_CELL_MAJOR,623060.0,583706.5,586047.15,0.9356426221993066,0.0,0.003607,0.4309425,0.3686825,0.0019525,0.80112,0.005729000000000095
AE128_UINT6_q07000,AE128,UINT6,6,0.70,7000,CHANNEL_MAJOR,623060.0,580627.5,583274.45,0.9314096204619138,-0.004524165142715364,2.021873,0.4137085,0.363213,1.622002,4.437248,3.6418570000000003
AE128_UINT6_q07000,AE128,UINT6,6,0.70,7000,CHANNEL_MAJOR_MODULAR_DELTA,623060.0,576787.0,583298.05,0.924770500132411,-0.011619951687685814,5.6819065,0.4008965,0.3462145,11.28824,17.7569795,16.9615885
AE128_UINT6_q09000,AE128,UINT6,6,0.90,9000,CURRENT_CELL_MAJOR,210164.0,197396.0,198138.35,0.9392039892060486,0.0,0.0024645,0.155661,0.130221,0.0014395,0.2920875,0.004653000000000018
AE128_UINT6_q09000,AE128,UINT6,6,0.90,9000,CHANNEL_MAJOR,210164.0,196820.5,197484.65,0.9363701160165394,-0.003017313833925228,0.651363,0.1484345,0.1271755,0.540816,1.4647025,1.177268
AE128_UINT6_q09000,AE128,UINT6,6,0.90,9000,CHANNEL_MAJOR_MODULAR_DELTA,210164.0,197444.0,198721.95,0.9391167433528101,-9.289340147733416e-05,1.8793905,0.150502,0.125968,3.776647,5.9239605,5.636526
AE128_UINT6_q09800,AE128,UINT6,6,0.98,9800,CURRENT_CELL_MAJOR,45044.0,40961.5,41113.6,0.9089608910176716,0.0,0.002091,0.0472095,0.0308975,0.001199,0.082443,0.0033269999999999966
AE128_UINT6_q09800,AE128,UINT6,6,0.98,9800,CHANNEL_MAJOR,45044.0,40881.5,41042.65,0.9075384970806323,-0.0015648571364240693,0.143722,0.043011,0.028139,0.1379685,0.354736,0.27562
AE128_UINT6_q09800,AE128,UINT6,6,0.98,9800,CHANNEL_MAJOR_MODULAR_DELTA,45044.0,41202.0,41420.3,0.9141202560274398,0.005676113307792274,0.3827755,0.040892,0.0287605,0.7993585,1.2535535,1.1744375
AE128_UINT4_q00000,AE128,UINT4,4,0.00,0,CURRENT_CELL_MAJOR,1377332.0,886480.5,943926.3,0.6387527945785766,0.0,0.005839,1.4451185,0.753272,0.0040565,2.219546,0.006642499999999885
AE128_UINT4_q00000,AE128,UINT4,4,0.00,0,CHANNEL_MAJOR,1377332.0,834271.5,892086.85,0.6021704178349883,-0.057271572123177794,4.8485055,1.7687425,0.794744,4.4402975,11.887983,9.6750795
AE128_UINT4_q00000,AE128,UINT4,4,0.00,0,CHANNEL_MAJOR_MODULAR_DELTA,1377332.0,811615.0,879213.05,0.5894968553787322,-0.0771126789861506,18.238631,1.7943545,0.7820045,37.9531695,58.8359855,56.623082
AE128_UINT4_q03000,AE128,UINT4,4,0.30,3000,CURRENT_CELL_MAJOR,967156.0,672010.5,690461.6,0.6902683211782794,0.0,0.005351,0.882331,0.5448465,0.0026295,1.4391005,0.008283499999999888
AE128_UINT4_q03000,AE128,UINT4,4,0.30,3000,CHANNEL_MAJOR,967156.0,641470.5,657989.1,0.6597560188713093,-0.04420353849483638,2.9092,1.0198095,0.5321475,2.011474,6.468139,5.037322
AE128_UINT4_q03000,AE128,UINT4,4,0.30,3000,CHANNEL_MAJOR_MODULAR_DELTA,967156.0,635047.5,656293.35,0.6526509005527547,-0.0544968086632055,12.644643,1.0156025,0.5186505,24.523726,38.6311455,37.200328500000005
AE128_UINT4_q05000,AE128,UINT4,4,0.50,5000,CURRENT_CELL_MAJOR,691892.0,498922.5,508091.0,0.7167813378930527,0.0,0.0041015,0.6020345,0.3995745,0.0023125,1.007336,0.00490999999999997
AE128_UINT4_q05000,AE128,UINT4,4,0.50,5000,CHANNEL_MAJOR,691892.0,477905.0,488407.8,0.6880115615045411,-0.04013745178282546,1.952626,0.7141235,0.392382,1.4364235,4.4754355,3.4730095
AE128_UINT4_q05000,AE128,UINT4,4,0.50,5000,CHANNEL_MAJOR_MODULAR_DELTA,691892.0,477987.0,496592.19999999995,0.6888128290795384,-0.03901958286989793,9.199777,0.685384,0.3723195,18.1276445,28.3964755,27.3940495
AE128_UINT4_q07000,AE128,UINT4,4,0.70,7000,CURRENT_CELL_MAJOR,416628.0,309687.0,313644.8,0.7406242424296975,0.0,0.0031335,0.3113505,0.243368,0.001796,0.5660815,0.005542500000000006
AE128_UINT4_q07000,AE128,UINT4,4,0.70,7000,CHANNEL_MAJOR,416628.0,298300.5,302935.7,0.7137586805555556,-0.03627421347430726,1.148847,0.306657,0.2333925,0.798468,2.540523,1.979984
AE128_UINT4_q07000,AE128,UINT4,4,0.70,7000,CHANNEL_MAJOR_MODULAR_DELTA,416628.0,301296.0,310627.35,0.7225813743015351,-0.024361703404375157,5.603659,0.294121,0.222909,10.5017785,16.6936575,16.133118500000002
AE128_UINT4_q09000,AE128,UINT4,4,0.90,9000,CURRENT_CELL_MAJOR,141364.0,107628.5,108974.5,0.7615218403377098,0.0,0.002405,0.118402,0.091257,0.001312,0.216325,0.004062999999999983
AE128_UINT4_q09000,AE128,UINT4,4,0.90,9000,CHANNEL_MAJOR,141364.0,105276.5,106688.95,0.7446296661455534,-0.02218212702168243,0.3652145,0.1067995,0.084187,0.2524015,0.8117795,0.5995174999999999
AE128_UINT4_q09000,AE128,UINT4,4,0.90,9000,CHANNEL_MAJOR_MODULAR_DELTA,141364.0,108238.0,110560.0,0.7654493121480717,0.005157398780079925,1.81665,0.110944,0.088013,3.531163,5.558563,5.346301
AE128_UINT4_q09800,AE128,UINT4,4,0.98,9800,CURRENT_CELL_MAJOR,31284.0,23429.0,23738.0,0.7480843342443422,0.0,0.0021325,0.0347,0.0239905,0.0011635,0.06212,0.0034534999999999982
AE128_UINT4_q09800,AE128,UINT4,4,0.98,9800,CHANNEL_MAJOR,31284.0,23162.5,23458.75,0.7387612277841709,-0.012462640952893178,0.081749,0.0309775,0.0209295,0.06921,0.2047135,0.14604699999999998
AE128_UINT4_q09800,AE128,UINT4,4,0.98,9800,CHANNEL_MAJOR_MODULAR_DELTA,31284.0,24173.0,24611.6,0.77047022839151,0.029924292118455265,0.3571965,0.0283795,0.0197285,0.729939,1.135236,1.0765695
AE64_UINT8_q00000,AE64,UINT8,8,0.00,0,CURRENT_CELL_MAJOR,1376818.0,1216783.5,1229092.8,0.8832727267238661,0.0,0.003172,0.899988,0.844586,0.002365,1.7524275,0.005674500000000027
AE64_UINT8_q00000,AE64,UINT8,8,0.00,0,CHANNEL_MAJOR,1376818.0,1194409.5,1209691.75,0.8671955461796693,-0.01820183059860625,0.7270815,1.069788,0.88622,0.6287235,3.3093775,1.5626245
AE64_UINT8_q00000,AE64,UINT8,8,0.00,0,CHANNEL_MAJOR_MODULAR_DELTA,1376818.0,1089485.5,1135786.15,0.7923266501091648,-0.10296488713291096,7.092809,1.0407985,0.8436845,30.248418,39.3265885,37.5798355
AE64_UINT8_q03000,AE64,UINT8,8,0.30,3000,CURRENT_CELL_MAJOR,966642.0,861835.0,867823.95,0.89179327603963,0.0,0.003599,0.6634625,0.588047,0.002258,1.2451935,0.006443500000000046
AE64_UINT8_q03000,AE64,UINT8,8,0.30,3000,CHANNEL_MAJOR,966642.0,853744.5,858887.8,0.8829528295506506,-0.009913111846098444,0.45941,0.693771,0.5995905,0.4103835,2.173094,0.9343439999999998
AE64_UINT8_q03000,AE64,UINT8,8,0.30,3000,CHANNEL_MAJOR_MODULAR_DELTA,966642.0,805164.0,817445.35,0.8302125990671831,-0.06905263655487615,4.8570995,0.6191185,0.6047985,20.543563,26.690836,25.452086
AE64_UINT8_q05000,AE64,UINT8,8,0.50,5000,CURRENT_CELL_MAJOR,691378.0,619096.0,623090.35,0.8956919075925182,0.0,0.003269,0.482405,0.411257,0.001785,0.904593,0.005862999999999952
AE64_UINT8_q05000,AE64,UINT8,8,0.50,5000,CHANNEL_MAJOR,691378.0,615634.5,620108.45,0.8906047618849602,-0.005679570915440579,0.3202805,0.4913735,0.411394,0.271242,1.5012675,0.6025375
AE64_UINT8_q05000,AE64,UINT8,8,0.50,5000,CHANNEL_MAJOR_MODULAR_DELTA,691378.0,587756.5,596892.6,0.848605011929075,-0.05257041541215379,3.4709335,0.4646775,0.4548505,14.893589,19.3526625,18.4539325
AE64_UINT8_q07000,AE64,UINT8,8,0.70,7000,CURRENT_CELL_MAJOR,416114.0,374058.5,376331.75,0.8991256377459061,0.0,0.0026065,0.3016925,0.2522225,0.001493,0.559025,0.004216499999999956
AE64_UINT8_q07000,AE64,UINT8,8,0.70,7000,CHANNEL_MAJOR,416114.0,373385.5,375666.6,0.8976067668655705,-0.0016892754655994935,0.191269,0.293918,0.2455525,0.162811,0.899839,0.3450305
AE64_UINT8_q07000,AE64,UINT8,8,0.70,7000,CHANNEL_MAJOR_MODULAR_DELTA,416114.0,359703.5,364581.35,0.8645997738900878,-0.03839937646798075,2.064126,0.2969645,0.291491,8.864163,11.55423,10.9994215
AE64_UINT8_q09000,AE64,UINT8,8,0.90,9000,CURRENT_CELL_MAJOR,140850.0,126305.0,126895.15,0.8966858027156549,0.0,0.002405,0.1130185,0.0892805,0.001313,0.2108945,0.00406200000000001
AE64_UINT8_q09000,AE64,UINT8,8,0.90,9000,CHANNEL_MAJOR,140850.0,126306.0,126862.5,0.896641041001065,-4.991906245688238e-05,0.0585445,0.104654,0.086337,0.0565625,0.3118495,0.105017
AE64_UINT8_q09000,AE64,UINT8,8,0.90,9000,CHANNEL_MAJOR_MODULAR_DELTA,140850.0,124329.5,125708.6,0.8826133186900958,-0.015693885174650868,0.674883,0.1004695,0.0912965,3.018157,3.882217,3.6753845
AE64_UINT8_q09800,AE64,UINT8,8,0.98,9800,CURRENT_CELL_MAJOR,30770.0,26127.0,26264.3,0.8491278538349041,0.0,0.0020205,0.031934,0.021989,0.0011285,0.0572395,0.003148999999999999
AE64_UINT8_q09800,AE64,UINT8,8,0.98,9800,CHANNEL_MAJOR,30770.0,26126.5,26263.65,0.8491273460350991,-5.980251416293214e-07,0.015838,0.0265415,0.0190835,0.017521,0.079865,0.025774500000000006
AE64_UINT8_q09800,AE64,UINT8,8,0.98,9800,CHANNEL_MAJOR_MODULAR_DELTA,30770.0,26301.5,26575.85,0.8540512268443289,0.005798152760140285,0.143354,0.026014,0.01873,0.611204,0.799169,0.7450785
AE64_UINT6_q00000,AE64,UINT6,6,0.00,0,CURRENT_CELL_MAJOR,1032756.0,957322.0,971739.3,0.9182996833835873,0.0,0.0044575,0.769765,0.600725,0.0033445,1.385124,0.007781500000000108
AE64_UINT6_q00000,AE64,UINT6,6,0.00,0,CHANNEL_MAJOR,1032756.0,930752.5,952949.95,0.898174225385764,-0.021916002326896833,3.167929,0.874365,0.5996325,2.8241055,7.5230875,6.145745
AE64_UINT6_q00000,AE64,UINT6,6,0.00,0,CHANNEL_MAJOR_MODULAR_DELTA,1032756.0,868980.5,913417.45,0.8378459478206857,-0.0876116337821875,9.44303,0.921753,0.6568205,32.6750425,43.8141655,42.436823000000004
AE64_UINT6_q03000,AE64,UINT6,6,0.30,3000,CURRENT_CELL_MAJOR,725796.0,682968.0,686541.3,0.9387054760394106,0.0,0.003952,0.51627,0.429595,0.002078,0.9565615,0.005338499999999913
AE64_UINT6_q03000,AE64,UINT6,6,0.30,3000,CHANNEL_MAJOR,725796.0,673233.5,677735.8,0.9265136786025274,-0.012987883578055581,2.0009125,0.5255955,0.423201,1.9582365,4.924687,3.9734639999999994
AE64_UINT6_q03000,AE64,UINT6,6,0.30,3000,CHANNEL_MAJOR_MODULAR_DELTA,725796.0,643642.5,655240.65,0.8837298656406207,-0.05856534536342861,6.477552,0.493874,0.4110825,22.153622,29.611069,28.659846
AE64_UINT6_q05000,AE64,UINT6,6,0.50,5000,CURRENT_CELL_MAJOR,519348.0,490752.5,493317.85,0.9441823419701241,0.0,0.003597,0.3711295,0.312288,0.0020015,0.704133,0.00676549999999998
AE64_UINT6_q05000,AE64,UINT6,6,0.50,5000,CHANNEL_MAJOR,519348.0,485259.0,487803.2,0.9341472835892312,-0.0106283055028904,1.457629,0.3712075,0.305707,1.3697695,3.4898895,2.792522
AE64_UINT6_q05000,AE64,UINT6,6,0.50,5000,CHANNEL_MAJOR_MODULAR_DELTA,519348.0,469111.0,476968.1,0.9021106452224713,-0.04455886842775125,4.666195,0.3518045,0.293385,16.067057,21.4033315,20.705964
AE64_UINT6_q07000,AE64,UINT6,6,0.70,7000,CURRENT_CELL_MAJOR,312900.0,296390.0,297665.95,0.9465341612735698,0.0,0.002915,0.238314,0.1916705,0.0016785,0.4420065,0.0049260000000000415
AE64_UINT6_q07000,AE64,UINT6,6,0.70,7000,CHANNEL_MAJOR,312900.0,293900.5,295316.55,0.9392823935362735,-0.007661390400890533,0.862478,0.2221675,0.186808,0.818722,2.099508,1.6624275000000002
AE64_UINT6_q07000,AE64,UINT6,6,0.70,7000,CHANNEL_MAJOR_MODULAR_DELTA,312900.0,287001.5,290569.25,0.9166002766458933,-0.0316247271914627,2.825877,0.2292995,0.1833335,9.5470495,12.84793,12.4108495
AE64_UINT6_q09000,AE64,UINT6,6,0.90,9000,CURRENT_CELL_MAJOR,106452.0,100031.5,100377.0,0.9397178423139068,0.0,0.0023195,0.089409,0.0703425,0.0013175,0.163917,0.0039365000000000094
AE64_UINT6_q09000,AE64,UINT6,6,0.90,9000,CHANNEL_MAJOR,106452.0,99528.5,99854.6,0.9351151223086461,-0.004897980859794204,0.3042455,0.083087,0.0665365,0.291404,0.749056,0.5890755000000001
AE64_UINT6_q09000,AE64,UINT6,6,0.90,9000,CHANNEL_MAJOR_MODULAR_DELTA,106452.0,98539.0,99248.95,0.9254535641650697,-0.015179320330572343,0.9394435,0.0825325,0.0703935,3.2525,4.3428735,4.182893
AE64_UINT6_q09800,AE64,UINT6,6,0.98,9800,CURRENT_CELL_MAJOR,23892.0,20788.5,20862.95,0.8699862270843797,0.0,0.0018995,0.0261435,0.016916,0.001021,0.04601,0.0029295000000000015
AE64_UINT6_q09800,AE64,UINT6,6,0.98,9800,CHANNEL_MAJOR,23892.0,20734.5,20817.0,0.8677760861376193,-0.0025404321102500127,0.0929395,0.023073,0.015116,0.0875575,0.2192705,0.17619
AE64_UINT6_q09800,AE64,UINT6,6,0.98,9800,CHANNEL_MAJOR_MODULAR_DELTA,23892.0,20703.0,20834.25,0.8660551256696802,-0.004518578906558046,0.2122075,0.0220545,0.0149165,0.683098,0.933619,0.8905385
AE64_UINT4_q00000,AE64,UINT4,4,0.00,0,CURRENT_CELL_MAJOR,688692.0,474797.5,508154.2,0.6823538429551962,0.0,0.0034485,0.7978465,0.425682,0.002061,1.2337745,0.005157000000000078
AE64_UINT4_q00000,AE64,UINT4,4,0.00,0,CHANNEL_MAJOR,688692.0,426263.5,460918.7,0.6180276342690201,-0.09427104331615788,1.558992,0.9324925,0.420742,1.4091105,4.3275915,3.0989739999999997
AE64_UINT4_q00000,AE64,UINT4,4,0.00,0,CHANNEL_MAJOR_MODULAR_DELTA,688692.0,396705.5,431349.05,0.5791927963625249,-0.15118409261958965,8.304901,0.9499075,0.3984365,31.157865,40.7602545,39.531637
AE64_UINT4_q03000,AE64,UINT4,4,0.30,3000,CURRENT_CELL_MAJOR,484948.0,358459.0,368122.0,0.732712885582578,0.0,0.003319,0.491235,0.2999055,0.001899,0.7980165,0.005859999999999976
AE64_UINT4_q03000,AE64,UINT4,4,0.30,3000,CHANNEL_MAJOR,484948.0,331073.0,340826.05,0.6784480629881967,-0.07406014506109782,1.046411,0.5881795,0.2937395,0.94804,2.8521455,2.059989
AE64_UINT4_q03000,AE64,UINT4,4,0.30,3000,CHANNEL_MAJOR_MODULAR_DELTA,484948.0,312523.5,324103.4,0.6405999167694268,-0.12571495687551937,6.051607,0.571448,0.2685685,21.3066605,28.2636365,27.47148
AE64_UINT4_q05000,AE64,UINT4,4,0.50,5000,CURRENT_CELL_MAJOR,347316.0,262209.0,267568.1,0.7517639735860139,0.0,0.003338,0.348526,0.220557,0.0017895,0.571337,0.005842499999999973
AE64_UINT4_q05000,AE64,UINT4,4,0.50,5000,CHANNEL_MAJOR,347316.0,245212.0,250794.6,0.7041439972892122,-0.06334431812374319,0.750422,0.3982035,0.2113755,0.6773425,2.0344975,1.469003
AE64_UINT4_q05000,AE64,UINT4,4,0.50,5000,CHANNEL_MAJOR_MODULAR_DELTA,347316.0,235606.5,244800.8,0.6757403335507146,-0.10112700622331827,4.4554435,0.388764,0.19372,15.3546205,20.4329165,19.867422
AE64_UINT4_q07000,AE64,UINT4,4,0.70,7000,CURRENT_CELL_MAJOR,209684.0,162064.0,164566.45,0.7707977018394345,0.0,0.0025645,0.1656975,0.1333615,0.0013415,0.3059405,0.003856499999999985
AE64_UINT4_q07000,AE64,UINT4,4,0.70,7000,CHANNEL_MAJOR,209684.0,152844.0,155498.8,0.727853840481391,-0.05571353061323636,0.443006,0.161499,0.1257535,0.3994155,1.1427775,0.8406935
AE64_UINT4_q07000,AE64,UINT4,4,0.70,7000,CHANNEL_MAJOR_MODULAR_DELTA,209684.0,148465.0,153137.65,0.7087443933490395,-0.08050531072201017,2.7049295,0.182062,0.1238925,9.1462735,12.203897,11.901812999999999
AE64_UINT4_q09000,AE64,UINT4,4,0.90,9000,CURRENT_CELL_MAJOR,72052.0,55908.5,56593.6,0.7756592027285849,0.0,0.002192,0.06496,0.05084,0.0012195,0.119705,0.0034580000000000027
AE64_UINT4_q09000,AE64,UINT4,4,0.90,9000,CHANNEL_MAJOR,72052.0,53804.5,54430.65,0.7471047385915728,-0.03681315716562683,0.1541185,0.0608835,0.045811,0.1462085,0.407283,0.291036
AE64_UINT4_q09000,AE64,UINT4,4,0.90,9000,CHANNEL_MAJOR_MODULAR_DELTA,72052.0,53687.0,54950.7,0.7447383920640649,-0.03986391259943545,0.9020645,0.0566415,0.044351,3.1165685,4.1114885,3.9952415
AE64_UINT4_q09800,AE64,UINT4,4,0.98,9800,CURRENT_CELL_MAJOR,17012.0,12126.5,12281.2,0.7125705384434516,0.0,0.0018935,0.02221,0.013443,0.0009985,0.0386685,0.0029474999999999987
AE64_UINT4_q09800,AE64,UINT4,4,0.98,9800,CHANNEL_MAJOR,17012.0,11873.0,12045.65,0.6976160210439689,-0.020986718637216684,0.0509085,0.0189565,0.012182,0.045056,0.1269675,0.09124650000000001
AE64_UINT4_q09800,AE64,UINT4,4,0.98,9800,CHANNEL_MAJOR_MODULAR_DELTA,17012.0,12111.0,12388.2,0.7108378460792382,-0.00243160819979793,0.192377,0.0177585,0.011314,0.6416685,0.8632035,0.8274825
AE32_UINT8_q00000,AE32,UINT8,8,0.00,0,CURRENT_CELL_MAJOR,688434.0,601569.5,608314.45,0.8730814360018535,0.0,0.0025185,0.461215,0.4332465,0.0016605,0.8984015,0.00428699999999993
AE32_UINT8_q00000,AE32,UINT8,8,0.00,0,CHANNEL_MAJOR,688434.0,592849.0,600447.2,0.8598136994613863,-0.015196447883744746,0.2380335,0.5581345,0.470719,0.2674885,1.5278095,0.633695
AE32_UINT8_q00000,AE32,UINT8,8,0.00,0,CHANNEL_MAJOR_MODULAR_DELTA,688434.0,536160.0,561302.2,0.7814931015536711,-0.10490239589516137,3.4464485,0.5612345,0.427335,27.975225,32.463691,31.569576499999997
AE32_UINT8_q03000,AE32,UINT8,8,0.30,3000,CURRENT_CELL_MAJOR,484690.0,427946.5,431425.65,0.8828268616280509,0.0,0.0029605,0.3431975,0.3125725,0.001728,0.6709465,0.005766999999999967
AE32_UINT8_q03000,AE32,UINT8,8,0.30,3000,CHANNEL_MAJOR,484690.0,425257.0,429060.4,0.8776819332975716,-0.005827788611904472,0.166869,0.341562,0.320226,0.1887265,1.021378,0.35619849999999986
AE32_UINT8_q03000,AE32,UINT8,8,0.30,3000,CHANNEL_MAJOR_MODULAR_DELTA,484690.0,397456.0,405233.05,0.8190542859869194,-0.07223678663733257,2.420548,0.345879,0.3141435,19.373349,22.553971,21.8887915
AE32_UINT8_q05000,AE32,UINT8,8,0.50,5000,CURRENT_CELL_MAJOR,347058.0,308023.5,310991.3,0.8879774328066202,0.0,0.002612,0.2507595,0.221288,0.0015605,0.48842,0.004860000000000031
AE32_UINT8_q05000,AE32,UINT8,8,0.50,5000,CHANNEL_MAJOR,347058.0,307175.0,310213.25,0.8855918445187836,-0.002686541571553791,0.116128,0.2504665,0.2109515,0.1297925,0.712824,0.22926400000000002
AE32_UINT8_q05000,AE32,UINT8,8,0.50,5000,CHANNEL_MAJOR_MODULAR_DELTA,347058.0,290762.0,296565.3,0.837542103913467,-0.05679798498227928,1.723696,0.244555,0.239271,13.9566825,16.2264415,15.7428815
AE32_UINT8_q07000,AE32,UINT8,8,0.70,7000,CURRENT_CELL_MAJOR,209426.0,186671.5,188247.0,0.8916425879546952,0.0,0.0025075,0.1580475,0.132822,0.0013445,0.3013385,0.004154500000000005
AE32_UINT8_q07000,AE32,UINT8,8,0.70,7000,CHANNEL_MAJOR,209426.0,186417.5,188056.75,0.8907962269488984,-0.0009492155458143969,0.072107,0.1488345,0.129324,0.0765715,0.4291475,0.1319635
AE32_UINT8_q07000,AE32,UINT8,8,0.70,7000,CHANNEL_MAJOR_MODULAR_DELTA,209426.0,178704.5,181860.1,0.8533231159216144,-0.042976269360327946,1.024837,0.1446535,0.1528365,8.470617,9.7961805,9.4989965
AE32_UINT8_q09000,AE32,UINT8,8,0.90,9000,CURRENT_CELL_MAJOR,71794.0,63414.0,63791.0,0.8825788671407081,0.0,0.0023615,0.065314,0.050002,0.0013,0.1202675,0.003826999999999997
AE32_UINT8_q09000,AE32,UINT8,8,0.90,9000,CHANNEL_MAJOR,71794.0,63414.0,63790.65,0.8825789759589938,1.2329582066428202e-07,0.02763,0.0579685,0.04478,0.02736,0.1569075,0.040467
AE32_UINT8_q09000,AE32,UINT8,8,0.90,9000,CHANNEL_MAJOR_MODULAR_DELTA,71794.0,62028.0,62705.0,0.8635440461598463,-0.021567274823301674,0.349348,0.0553355,0.044132,2.835009,3.2826865,3.166246
AE32_UINT8_q09800,AE32,UINT8,8,0.98,9800,CURRENT_CELL_MAJOR,16754.0,13271.5,13384.95,0.7916542318252358,0.0,0.001943,0.020383,0.0135625,0.0009995,0.036962,0.0030010000000000037
AE32_UINT8_q09800,AE32,UINT8,8,0.98,9800,CHANNEL_MAJOR,16754.0,13271.0,13384.6,0.7916542318252358,0.0,0.0104455,0.016362,0.011294,0.009468,0.0476045,0.013643500000000003
AE32_UINT8_q09800,AE32,UINT8,8,0.98,9800,CHANNEL_MAJOR_MODULAR_DELTA,16754.0,13259.0,13429.3,0.7906451444431181,-0.0012746567144485965,0.0788245,0.0166325,0.010819,0.5717155,0.678733,0.644772
AE32_UINT6_q00000,AE32,UINT6,6,0.00,0,CURRENT_CELL_MAJOR,516404.0,472642.5,480925.2,0.904873791280664,0.0,0.0025295,0.4255975,0.310314,0.0016585,0.755772,0.004318000000000044
AE32_UINT6_q00000,AE32,UINT6,6,0.00,0,CHANNEL_MAJOR,516404.0,463688.0,473810.55,0.8913749578818134,-0.014917918420143117,1.348225,0.468569,0.310652,1.3686645,3.5577825,2.8063285000000002
AE32_UINT6_q00000,AE32,UINT6,6,0.00,0,CHANNEL_MAJOR_MODULAR_DELTA,516404.0,429177.0,452995.3,0.8278476916813193,-0.08512358335666903,4.6797945,0.4871665,0.329345,28.980623,34.5646485,33.813194499999994
AE32_UINT6_q03000,AE32,UINT6,6,0.30,3000,CURRENT_CELL_MAJOR,364268.0,339124.5,341373.2,0.9287554081061197,0.0,0.0031295,0.2761895,0.2229325,0.0017885,0.5178755,0.004835000000000034
AE32_UINT6_q03000,AE32,UINT6,6,0.30,3000,CHANNEL_MAJOR,364268.0,334219.0,336857.0,0.9165957910796446,-0.013092378165819096,0.9513345,0.2721225,0.21954,0.9450015,2.393292,1.8802515000000002
AE32_UINT6_q03000,AE32,UINT6,6,0.30,3000,CHANNEL_MAJOR_MODULAR_DELTA,364268.0,319386.5,326048.2,0.8733803348427531,-0.05962288109448011,3.3042045,0.269097,0.2144975,20.2117175,24.113429,23.6003885
AE32_UINT6_q05000,AE32,UINT6,6,0.50,5000,CURRENT_CELL_MAJOR,261044.0,244417.5,245964.5,0.9358231095619896,0.0,0.0026045,0.191447,0.1602745,0.0015015,0.361854,0.0039184999999999914
AE32_UINT6_q05000,AE32,UINT6,6,0.50,5000,CHANNEL_MAJOR,261044.0,241710.0,243786.55,0.9258496951184475,-0.010657371400253357,0.6775275,0.179543,0.1571655,0.675471,1.678196,1.3202605
AE32_UINT6_q05000,AE32,UINT6,6,0.50,5000,CHANNEL_MAJOR_MODULAR_DELTA,261044.0,232941.5,237565.0,0.891638119435804,-0.047215109003737155,2.3770685,0.1961285,0.1563135,14.405307,17.1838985,16.825963
AE32_UINT6_q07000,AE32,UINT6,6,0.70,7000,CURRENT_CELL_MAJOR,157820.0,148132.0,149087.2,0.9372637736028386,0.0,0.0023625,0.1256915,0.1014205,0.001361,0.2391635,0.004124500000000003
AE32_UINT6_q07000,AE32,UINT6,6,0.70,7000,CHANNEL_MAJOR,157820.0,146937.5,148040.95,0.9310817901723483,-0.00659577762909469,0.427625,0.117823,0.0979585,0.41699,1.066484,0.831445
AE32_UINT6_q07000,AE32,UINT6,6,0.70,7000,CHANNEL_MAJOR_MODULAR_DELTA,157820.0,143088.0,145335.65,0.906000259393613,-0.033356153400711186,1.417913,0.117363,0.0983415,8.722171,10.411985,10.176946
AE32_UINT6_q09000,AE32,UINT6,6,0.90,9000,CURRENT_CELL_MAJOR,54596.0,50280.0,50511.2,0.9209191149534764,0.0,0.002208,0.05456,0.0377445,0.001212,0.0963175,0.0034489999999999937
AE32_UINT6_q09000,AE32,UINT6,6,0.90,9000,CHANNEL_MAJOR,54596.0,50051.5,50293.95,0.9167100726243681,-0.004570479926807702,0.167032,0.050017,0.0352335,0.163842,0.4173845,0.32451599999999997
AE32_UINT6_q09000,AE32,UINT6,6,0.90,9000,CHANNEL_MAJOR_MODULAR_DELTA,54596.0,49409.0,49764.3,0.9043242064436955,-0.018019941426255737,0.485343,0.0472055,0.0336295,2.971182,3.533597,3.4407285
AE32_UINT6_q09800,AE32,UINT6,6,0.98,9800,CURRENT_CELL_MAJOR,13316.0,10569.5,10654.6,0.793790716994593,0.0,0.0018745,0.025662,0.0108585,0.000987,0.039682,0.002994500000000004
AE32_UINT6_q09800,AE32,UINT6,6,0.98,9800,CHANNEL_MAJOR,13316.0,10550.0,10634.65,0.7923650354836287,-0.0017960420554703482,0.0671785,0.022041,0.0092345,0.060433,0.1599545,0.123267
AE32_UINT6_q09800,AE32,UINT6,6,0.98,9800,CHANNEL_MAJOR_MODULAR_DELTA,13316.0,10492.0,10588.6,0.7880293209297087,-0.0072580794175798324,0.1269,0.0203285,0.009042,0.6271605,0.784098,0.7474105
AE32_UINT4_q00000,AE32,UINT4,4,0.00,0,CURRENT_CELL_MAJOR,344372.0,229575.5,248889.4,0.6619230303639668,0.0,0.002343,0.442965,0.21811,0.0014255,0.6728345,0.004006999999999983
AE32_UINT4_q00000,AE32,UINT4,4,0.00,0,CHANNEL_MAJOR,344372.0,207156.5,224555.8,0.6015680127521982,-0.09118132296829384,0.647703,0.5318275,0.218306,0.642089,2.026397,1.3575694999999999
AE32_UINT4_q00000,AE32,UINT4,4,0.00,0,CHANNEL_MAJOR_MODULAR_DELTA,344372.0,192888.5,210446.9,0.5637467667594926,-0.1483197578886034,4.03282,0.5275165,0.200111,28.3571775,33.08424,32.4154125
AE32_UINT4_q03000,AE32,UINT4,4,0.30,3000,CURRENT_CELL_MAJOR,243844.0,174749.5,181429.85,0.7114841802033267,0.0,0.002883,0.2517045,0.159805,0.0013925,0.4164945,0.005122000000000015
AE32_UINT4_q03000,AE32,UINT4,4,0.30,3000,CHANNEL_MAJOR,243844.0,160953.5,167318.4,0.6583923789389938,-0.07462119712789739,0.4475465,0.323014,0.15533,0.442455,1.370427,0.9590545000000001
AE32_UINT4_q03000,AE32,UINT4,4,0.30,3000,CHANNEL_MAJOR_MODULAR_DELTA,243844.0,152435.0,159679.75,0.6242981873144305,-0.12254101400256057,3.025241,0.3458615,0.1462785,19.727256,23.2397815,22.828409
AE32_UINT4_q05000,AE32,UINT4,4,0.50,5000,CURRENT_CELL_MAJOR,175028.0,128803.0,132835.1,0.7337389410551455,0.0,0.0024975,0.1731195,0.1150535,0.001358,0.292341,0.003744000000000025
AE32_UINT4_q05000,AE32,UINT4,4,0.50,5000,CHANNEL_MAJOR,175028.0,120569.5,124838.7,0.6888482664202299,-0.06118071717763951,0.3272235,0.209961,0.110573,0.3242125,0.9764345,0.6878375
AE32_UINT4_q05000,AE32,UINT4,4,0.50,5000,CHANNEL_MAJOR_MODULAR_DELTA,175028.0,115410.0,121189.35,0.6592105084615033,-0.10157350036031532,2.2153725,0.222394,0.108447,14.1797075,16.7247475,16.4361505
AE32_UINT4_q07000,AE32,UINT4,4,0.70,7000,CURRENT_CELL_MAJOR,106212.0,80813.0,82453.05,0.760449398961511,0.0,0.0023695,0.0884235,0.0714955,0.0013085,0.164294,0.004228999999999983
AE32_UINT4_q07000,AE32,UINT4,4,0.70,7000,CHANNEL_MAJOR,106212.0,76013.5,78127.7,0.715464266043385,-0.05915598457906446,0.209546,0.0849085,0.0643685,0.199279,0.5712095,0.4111445
AE32_UINT4_q07000,AE32,UINT4,4,0.70,7000,CHANNEL_MAJOR_MODULAR_DELTA,106212.0,73419.5,76536.35,0.691438173181938,-0.09075058231858213,1.3531025,0.0883735,0.0649035,8.565454,10.102676,9.942611000000001
AE32_UINT4_q09000,AE32,UINT4,4,0.90,9000,CURRENT_CELL_MAJOR,37396.0,28170.0,28575.25,0.7522704634185474,0.0,0.0022005,0.0392765,0.0279285,0.001179,0.0713635,0.0037355000000000027
AE32_UINT4_q09000,AE32,UINT4,4,0.90,9000,CHANNEL_MAJOR,37396.0,27047.0,27493.0,0.7229286721841908,-0.03900431116359204,0.0869935,0.0359205,0.025536,0.0813395,0.230291,0.162663
AE32_UINT4_q09000,AE32,UINT4,4,0.90,9000,CHANNEL_MAJOR_MODULAR_DELTA,37396.0,26805.5,27440.4,0.7163098994544871,-0.04780270622436045,0.472959,0.033962,0.0242675,2.899879,3.4341815,3.3665535
AE32_UINT4_q09800,AE32,UINT4,4,0.98,9800,CURRENT_CELL_MAJOR,9876.0,6254.5,6381.3,0.6325704359052248,0.0,0.0018985,0.025522,0.009282,0.0010045,0.037749,0.0028769999999999976
AE32_UINT4_q09800,AE32,UINT4,4,0.98,9800,CHANNEL_MAJOR,9876.0,6124.0,6246.0,0.6191991633758607,-0.02113799787406989,0.038709,0.022073,0.007355,0.0317285,0.099945,0.065073
AE32_UINT4_q09800,AE32,UINT4,4,0.98,9800,CHANNEL_MAJOR_MODULAR_DELTA,9876.0,6179.0,6349.15,0.6244707814398542,-0.012804351903958011,0.108796,0.020945,0.007177,0.598753,0.7363845,0.7015125
