speed_band,full_n,equal_n,mean_speed_mph,latency_ms,equal_n_mean_error_m,equal_n_p10_error_m,equal_n_p90_error_m
~6 mph,325,17,7.22,0,1.101,0.941,1.268
~6 mph,325,17,7.22,25,1.098,0.94,1.262
~6 mph,325,17,7.22,37,1.098,0.941,1.261
~6 mph,325,17,7.22,50,1.099,0.941,1.259
~6 mph,325,17,7.22,67,1.103,0.946,1.26
~6 mph,325,17,7.22,75,1.105,0.945,1.263
~6 mph,325,17,7.22,93,1.113,0.953,1.269
~6 mph,325,17,7.22,101,1.117,0.958,1.272
~6 mph,325,17,7.22,115,1.125,0.964,1.286
~6 mph,325,17,7.22,136,1.14,0.979,1.305
~6 mph,325,17,7.22,160,1.159,0.997,1.322
~6 mph,325,17,7.22,180,1.178,1.011,1.345
~6 mph,325,17,7.22,215,1.218,1.046,1.388
~6 mph,325,17,7.22,247,1.262,1.081,1.439
~6 mph,325,17,7.22,300,1.347,1.154,1.534
~10 mph,98,17,10.28,0,1.112,0.965,1.255
~10 mph,98,17,10.28,25,1.133,0.984,1.279
~10 mph,98,17,10.28,37,1.146,0.993,1.296
~10 mph,98,17,10.28,50,1.163,1.008,1.316
~10 mph,98,17,10.28,67,1.19,1.03,1.346
~10 mph,98,17,10.28,75,1.204,1.044,1.362
~10 mph,98,17,10.28,93,1.238,1.07,1.399
~10 mph,98,17,10.28,101,1.255,1.087,1.418
~10 mph,98,17,10.28,115,1.289,1.119,1.452
~10 mph,98,17,10.28,136,1.344,1.168,1.513
~10 mph,98,17,10.28,160,1.413,1.23,1.59
~10 mph,98,17,10.28,180,1.475,1.289,1.656
~10 mph,98,17,10.28,215,1.592,1.403,1.781
~10 mph,98,17,10.28,247,1.708,1.511,1.902
~10 mph,98,17,10.28,300,1.913,1.702,2.111
~14 mph,57,17,14.12,0,1.049,0.909,1.186
~14 mph,57,17,14.12,25,1.109,0.963,1.25
~14 mph,57,17,14.12,37,1.144,0.998,1.287
~14 mph,57,17,14.12,50,1.186,1.036,1.331
~14 mph,57,17,14.12,67,1.248,1.1,1.392
~14 mph,57,17,14.12,75,1.279,1.129,1.424
~14 mph,57,17,14.12,93,1.353,1.205,1.5
~14 mph,57,17,14.12,101,1.387,1.238,1.536
~14 mph,57,17,14.12,115,1.449,1.296,1.601
~14 mph,57,17,14.12,136,1.546,1.389,1.705
~14 mph,57,17,14.12,160,1.664,1.502,1.826
~14 mph,57,17,14.12,180,1.766,1.6,1.931
~14 mph,57,17,14.12,215,1.954,1.783,2.119
~14 mph,57,17,14.12,247,2.132,1.96,2.299
~14 mph,57,17,14.12,300,2.436,2.262,2.605
~18 mph,94,17,18.15,0,1.129,0.966,1.284
~18 mph,94,17,18.15,25,1.152,0.996,1.305
~18 mph,94,17,18.15,37,1.174,1.018,1.328
~18 mph,94,17,18.15,50,1.205,1.051,1.355
~18 mph,94,17,18.15,67,1.255,1.094,1.406
~18 mph,94,17,18.15,75,1.282,1.118,1.438
~18 mph,94,17,18.15,93,1.351,1.183,1.513
~18 mph,94,17,18.15,101,1.385,1.218,1.552
~18 mph,94,17,18.15,115,1.449,1.279,1.621
~18 mph,94,17,18.15,136,1.554,1.378,1.731
~18 mph,94,17,18.15,160,1.685,1.497,1.878
~18 mph,94,17,18.15,180,1.802,1.609,1.999
~18 mph,94,17,18.15,215,2.027,1.823,2.232
~18 mph,94,17,18.15,247,2.247,2.035,2.462
~18 mph,94,17,18.15,300,2.631,2.418,2.848
~23 mph,17,17,23.53,0,1.206,1.206,1.206
~23 mph,17,17,23.53,25,1.334,1.334,1.334
~23 mph,17,17,23.53,37,1.404,1.404,1.404
~23 mph,17,17,23.53,50,1.484,1.484,1.484
~23 mph,17,17,23.53,67,1.593,1.593,1.593
~23 mph,17,17,23.53,75,1.647,1.647,1.647
~23 mph,17,17,23.53,93,1.778,1.778,1.778
~23 mph,17,17,23.53,101,1.842,1.842,1.842
~23 mph,17,17,23.53,115,1.959,1.959,1.959
~23 mph,17,17,23.53,136,2.153,2.153,2.153
~23 mph,17,17,23.53,160,2.39,2.39,2.39
~23 mph,17,17,23.53,180,2.59,2.59,2.59
~23 mph,17,17,23.53,215,2.949,2.949,2.949
~23 mph,17,17,23.53,247,3.284,3.284,3.284
~23 mph,17,17,23.53,300,3.846,3.846,3.846
~28 mph,39,17,27.58,0,1.187,1.065,1.305
~28 mph,39,17,27.58,25,1.13,0.994,1.259
~28 mph,39,17,27.58,37,1.123,0.979,1.271
~28 mph,39,17,27.58,50,1.141,0.989,1.299
~28 mph,39,17,27.58,67,1.197,1.032,1.361
~28 mph,39,17,27.58,75,1.236,1.068,1.402
~28 mph,39,17,27.58,93,1.347,1.175,1.519
~28 mph,39,17,27.58,101,1.404,1.229,1.58
~28 mph,39,17,27.58,115,1.513,1.332,1.697
~28 mph,39,17,27.58,136,1.695,1.505,1.891
~28 mph,39,17,27.58,160,1.93,1.733,2.136
~28 mph,39,17,27.58,180,2.142,1.939,2.354
~28 mph,39,17,27.58,215,2.536,2.322,2.754
~28 mph,39,17,27.58,247,2.909,2.689,3.131
~28 mph,39,17,27.58,300,3.54,3.312,3.765
~32 mph,51,17,33.01,0,1.294,1.188,1.401
~32 mph,51,17,33.01,25,1.367,1.222,1.508
~32 mph,51,17,33.01,37,1.432,1.272,1.59
~32 mph,51,17,33.01,50,1.521,1.347,1.693
~32 mph,51,17,33.01,67,1.663,1.469,1.855
~32 mph,51,17,33.01,75,1.739,1.536,1.94
~32 mph,51,17,33.01,93,1.933,1.72,2.147
~32 mph,51,17,33.01,101,2.029,1.812,2.245
~32 mph,51,17,33.01,115,2.204,1.984,2.427
~32 mph,51,17,33.01,136,2.479,2.257,2.706
~32 mph,51,17,33.01,160,2.805,2.581,3.034
~32 mph,51,17,33.01,180,3.082,2.857,3.312
~32 mph,51,17,33.01,215,3.575,3.346,3.806
~32 mph,51,17,33.01,247,4.031,3.803,4.267
~32 mph,51,17,33.01,300,4.793,4.565,5.031
